,,,,,,,,,,,,,Strength of Schedule,,,,,,NCSOS,
Rank,Team,Conf,W-L,Pyth,AdjO,AdjOR,AdjD,AdjDR,AdjT,AdjTR,Luck,LuckR,PythSOS,PythSOSR,OppO,OppOR,OppD,OppDR,PythNCSOS,PythNCSOSR
1,Duke,ACC,31-6,0.9777,123.5,2,85.4,4,69.7,82,-0.033,225,0.8598,5,109.2,6,93.3,3,0.7299,38
2,Connecticut,BE,33-6,0.9697,119.9,4,85.5,5,69.7,86,0.006,135,0.7899,24,107.2,26,95.6,19,0.664,73
3,Oklahoma St.,B12,30-4,0.9603,119.8,5,87.8,12,66.2,218,0.024,83,0.7493,38,106.8,34,97.1,56,0.566,158
4,Pittsburgh,BE,31-4,0.9602,115.2,18,84.5,2,61.6,313,-0.041,239,0.722,59,105.6,66,97.2,59,0.4052,263
5,Wisconsin,B10,25-7,0.9584,117.9,13,86.8,8,62.4,310,-0.006,163,0.7911,22,107.6,21,95.9,22,0.7263,39
6,Saint Joseph's,A10,30-2,0.9548,118,11,87.6,10,68.1,149,0.056,36,0.7428,45,106.2,50,96.8,46,0.8114,8
7,Georgia Tech,ACC,28-10,0.9524,114.1,25,85.2,3,70.3,64,0.001,146,0.8666,2,110.5,2,93.9,5,0.736,34
8,North Carolina St.,ACC,21-10,0.9443,121.1,3,91.9,33,63.9,292,-0.08,296,0.8456,7,108.9,10,93.9,4,0.5777,148
9,Kentucky,SEC,27-5,0.9436,115.2,19,87.5,9,68.3,137,0.024,85,0.7965,19,108,18,95.9,21,0.6377,85
10,North Carolina,ACC,19-11,0.9429,118.9,9,90.4,23,72.8,16,-0.101,311,0.876,1,110.1,3,92.9,1,0.7127,47
11,Cincinnati,CUSA,25-6,0.9413,117.7,14,89.8,19,68.1,150,-0.015,182,0.7134,66,104.9,78,96.9,48,0.637,87
12,Illinois,B10,26-7,0.9361,119.7,6,92.1,35,64.7,273,0.049,45,0.7703,31,106.9,32,96.3,29,0.706,49
13,Kansas,B12,24-9,0.9342,114.4,23,88.3,13,70.7,55,0.01,123,0.8325,9,109.1,7,94.9,9,0.7833,13
14,Texas,B12,25-8,0.9337,116.5,15,90,22,66.6,201,0.03,74,0.7957,20,108.8,11,96.6,39,0.6721,68
15,Gonzaga,WCC,28-3,0.932,119.3,8,92.4,40,68.3,136,0.008,128,0.6351,107,104,95,99.1,114,0.7519,26
16,Stanford,P10,30-2,0.932,111,47,86,6,66.4,210,0.046,49,0.6493,98,104.7,83,99.3,118,0.4992,211
17,Mississippi St.,SEC,26-4,0.9311,114.8,21,89.1,17,70.4,61,0.013,109,0.7377,49,105.6,65,96.6,38,0.5141,199
18,Wake Forest,ACC,21-10,0.9302,123.6,1,96,82,71.8,28,-0.028,210,0.8627,3,109.1,8,93,2,0.6738,66
19,Maryland,ACC,20-12,0.9292,111.6,44,86.8,7,72.9,15,-0.017,187,0.8613,4,111.5,1,95.2,13,0.5799,144
20,Xavier,A10,26-11,0.9257,114.9,20,89.8,20,65.6,237,-0.029,215,0.7416,46,106.4,43,97.1,53,0.7536,25
21,Louisville,CUSA,19-10,0.925,107.2,78,83.9,1,69.1,111,-0.086,300,0.7448,42,106.1,52,96.7,41,0.6824,61
22,Nevada,WAC,25-9,0.9155,111.8,39,88.6,15,70.4,62,-0.046,249,0.7273,54,106.5,42,97.8,81,0.7829,14
23,Vanderbilt,SEC,23-10,0.9063,113.9,26,91.3,30,66.4,207,-0.009,170,0.761,33,107.3,25,97,49,0.5153,198
24,Florida,SEC,20-11,0.9056,118.5,10,95,69,67.7,162,-0.031,218,0.8028,17,107.4,24,95,11,0.5846,134
25,Providence,BE,20-9,0.904,112.7,34,90.5,24,67.2,184,-0.007,164,0.8088,15,108,17,95.3,14,0.6863,60
26,Seton Hall,BE,21-10,0.899,112.8,32,91.1,27,67.3,178,-0.013,177,0.7889,25,107.2,27,95.6,20,0.637,88
27,Florida St. ,ACC,18-14,0.897,109.1,62,88.3,14,66.5,204,-0.097,308,0.8025,18,108.3,14,95.9,24,0.4418,242
28,Syracuse,BE,23-7,0.8967,113.8,27,92.2,36,67,190,0.089,12,0.7735,28,107,31,96.1,26,0.5242,189
29,Alabama,SEC,19-13,0.8954,115.6,16,93.7,50,66.1,220,-0.01,172,0.8356,8,108.7,12,94.4,8,0.8045,9
30,Texas Tech,B12,23-11,0.8937,112.2,37,91.1,29,68.6,127,0.001,144,0.7936,21,108.3,16,96.3,32,0.6881,59
31,Boston College,BE,24-10,0.889,111.5,45,91,26,63.8,295,0.036,65,0.7715,30,105.9,57,95.3,15,0.5965,128
32,Michigan St.,B10,18-12,0.8831,118,12,96.9,97,65.5,243,-0.024,199,0.8102,14,106.9,33,94.2,6,0.7947,11
33,Memphis,CUSA,22-8,0.8813,111.7,41,91.9,32,68.3,135,0.002,141,0.7195,62,105,76,96.8,44,0.6883,58
34,Nebraska ,B12,18-13,0.8806,113.8,28,93.7,49,64.1,285,-0.1,310,0.6837,86,105.7,64,98.8,108,0.3673,281
35,Michigan ,B10,23-11,0.8764,108.1,69,89.3,18,68,151,0.011,117,0.7254,58,106.2,48,97.6,70,0.5805,143
36,South Carolina,SEC,23-11,0.8741,109.6,57,90.7,25,66.9,195,-0.008,167,0.6979,78,104.5,86,97.2,58,0.3454,290
37,Arizona,P10,20-10,0.8708,119.3,7,99.1,133,74.8,6,-0.081,297,0.7276,53,105.9,55,97.3,62,0.7219,41
38,Notre Dame ,BE,19-13,0.8642,115.3,17,96.3,85,65.7,235,-0.035,229,0.7717,29,106.8,35,96.1,25,0.5,207
39,Brigham Young,MWC,21-9,0.8616,112.8,31,94.4,58,67.9,155,0.012,113,0.7565,35,107.5,22,97.4,64,0.7429,31
40,Utah,MWC,24-9,0.8584,109.9,53,92.2,37,60.6,316,0.057,34,0.6751,87,105.7,63,99.2,117,0.5529,171
,,,,,,,,,,,,,,,,,,,,
,,,,,,,,,,,,,,,,,,,,
41,Richmond,A10,20-13,0.8582,104.6,107,87.7,11,64.3,282,-0.069,278,0.7397,47,106.3,47,97,52,0.7699,18
42,Charlotte,CUSA,21-9,0.8579,113,30,94.8,65,71.1,41,0.007,130,0.7075,72,104,98,96.3,31,0.6145,112
43,UAB,CUSA,22-10,0.8568,108.5,68,91.1,28,72.2,24,0.01,120,0.709,67,105,75,97.2,60,0.6809,63
44,Villanova ,BE,18-16,0.8496,112.3,36,94.8,66,66.4,209,-0.058,267,0.803,16,108,19,95.5,18,0.6375,86
45,Air Force,MWC,22-7,0.8453,110.3,51,93.4,44,53.7,326,0.018,98,0.5151,159,101.2,177,100.7,150,0.2483,316
46,Missouri ,B12,16-14,0.8428,114.7,22,97.4,103,67.2,183,-0.031,219,0.8276,10,109,9,95.1,12,0.7612,22
47,Texas El Paso,WAC,24-8,0.842,112.4,35,95.4,73,69.7,88,0.039,61,0.638,104,102.6,135,97.7,73,0.4087,260
48,Western Michigan,MAC,25-5,0.8403,111.9,38,95.1,71,67.6,167,0.036,66,0.5071,164,101.7,159,101.5,172,0.5454,174
49,Oklahoma ,B12,20-11,0.8363,104,114,88.7,16,65.3,252,0.053,42,0.7297,52,106.3,45,97.5,67,0.428,254
50,Southern Illinois,MVC,25-5,0.8325,107.9,70,92.3,38,67.1,186,0.037,63,0.6151,115,103.7,107,99.5,125,0.6157,107
51,Boise St. ,WAC,23-10,0.8281,109,63,93.5,45,67.7,164,0.019,95,0.6685,90,104.8,81,98.6,101,0.5624,161
52,DePaul,CUSA,22-10,0.8259,114.2,24,98.1,114,64.1,286,0.081,18,0.7383,48,105.9,56,96.8,45,0.642,83
53,Colorado ,B12,18-11,0.8221,111.4,46,96,81,69.6,91,0.026,81,0.7799,27,107.6,20,96.4,35,0.548,172
54,Manhattan,MAAC,25-6,0.8213,108.6,67,93.6,47,67.2,185,0.005,137,0.4695,187,101.3,169,102.4,206,0.6892,57
55,George Washington ,A10,18-12,0.8207,111.8,40,96.4,88,70.1,70,-0.041,238,0.7027,74,104.5,87,97,50,0.6151,110
56,Virginia ,ACC,18-13,0.8145,109.8,55,95,68,70.2,68,0.089,11,0.8196,11,108.4,13,95,10,0.4062,262
57,Iowa St. ,B12,20-13,0.8117,110.4,50,95.7,78,70.9,46,0.065,27,0.8108,12,108.3,15,95.4,17,0.6672,71
58,Utah St. ,BW,25-4,0.8101,113.7,29,98.7,125,60,322,0.03,73,0.4324,211,99.6,221,102,192,0.4646,228
59,Washington,P10,19-12,0.8072,112.7,33,98,111,75.1,3,0.018,97,0.7442,43,106.2,49,96.8,43,0.6981,52
60,Wichita St. ,MVC,21-11,0.806,108.9,65,94.7,63,67.7,161,-0.085,299,0.6026,119,102.2,145,98.5,97,0.5531,169
61,Rutgers ,BE,19-12,0.8049,106.5,90,92.7,42,67.5,173,0.042,57,0.7616,32,106.5,41,96.3,33,0.621,104
62,Auburn ,SEC,14-14,0.8034,106.3,92,92.6,41,68.6,125,-0.105,312,0.6983,77,105.2,72,97.8,82,0.3176,299
63,Purdue ,B10,17-14,0.8022,103,130,89.9,21,64.7,272,-0.074,285,0.7266,55,106.6,40,97.9,83,0.5443,175
64,Georgia ,SEC,16-14,0.7982,107.6,75,94.1,53,64.1,287,0.021,90,0.7808,26,107.1,28,95.9,23,0.5009,205
65,Kansas St. ,B12,14-14,0.7942,104.9,103,92,34,66.9,194,-0.086,301,0.6882,84,105.8,61,98.8,106,0.2709,306
66,Iowa ,B10,16-13,0.7867,106.8,87,94,52,70.2,69,-0.026,207,0.7542,36,106.1,54,96.2,27,0.6246,100
67,Dayton,A10,24-9,0.7791,107.2,79,94.8,67,63.9,291,0.073,23,0.6522,95,104.6,84,99,111,0.5171,197
68,Louisiana St. ,SEC,18-11,0.777,106.7,88,94.5,59,65.2,258,0.045,51,0.7368,50,105.3,71,96.3,30,0.4331,252
69,Creighton ,MVC,20-9,0.7741,106.8,86,94.7,62,65.5,244,-0.003,153,0.5742,135,102,150,99.4,121,0.4513,234
70,Oregon ,P10,19-13,0.7673,110.4,48,98.3,120,68.7,122,0.019,96,0.744,44,106.1,51,96.7,42,0.7178,44
71,St. Mary's ,WCC,19-12,0.7664,109.2,60,97.2,101,67.9,157,-0.091,306,0.577,133,103.8,105,101,162,0.5722,153
72,St. Louis ,CUSA,19-13,0.7641,102.6,135,91.5,31,63.1,308,0.023,86,0.7029,73,105,77,97.4,65,0.5403,177
73,Virginia Commonwealth,CAA,23-8,0.7614,105.4,98,94.2,55,66.4,205,0.069,25,0.506,166,100.2,205,100,136,0.6115,114
74,Kent St. ,MAC,22-9,0.7592,105.9,95,94.7,61,67.5,170,-0.011,173,0.5597,140,102.7,132,100.6,148,0.6404,84
75,Rhode Island ,A10,20-14,0.7585,104.6,108,93.5,46,66.1,224,-0.004,158,0.6397,102,104.1,94,99,110,0.5842,135
76,Nevada Las Vegas ,MWC,18-13,0.7584,109.8,54,98.2,118,71,42,-0.018,191,0.7008,76,105.2,73,97.7,74,0.5871,133
77,Northern Iowa,MVC,21-10,0.758,106.7,89,95.5,74,66.3,213,0.011,115,0.6257,112,102.7,133,98.2,92,0.5821,140
78,Hawaii ,WAC,20-12,0.754,110.4,49,99,131,67,191,0.002,140,0.6612,93,104,97,98.1,89,0.5638,159
79,Illinois Chicago,Horz,24-8,0.7468,104.7,105,94.3,56,66.7,198,0.028,79,0.5109,161,101.8,157,101.4,171,0.5062,202
80,Marquette ,CUSA,19-12,0.7465,111.7,42,100.5,159,66.1,223,0.009,124,0.651,96,103.7,108,98.2,91,0.4793,220
,,,,,,,,,,,,,,,,,,,,
,,,,,,,,,,,,,,,,,,,,
81,West Virginia ,BE,17-14,0.746,107.1,82,96.4,89,63.7,296,0.055,39,0.7586,34,106.3,44,96.2,28,0.5994,121
82,Pacific,BW,25-8,0.7416,107.2,80,96.7,92,65.5,242,0.087,13,0.5536,142,102.1,146,100.2,141,0.7332,36
83,Detroit ,Horz,19-11,0.74,104.7,106,94.5,60,60.3,321,-0.016,186,0.5243,153,102.1,148,101.2,166,0.6443,81
84,Louisiana Lafayette,SB,20-9,0.7386,107.5,76,97.1,100,70.3,65,-0.003,154,0.5741,136,102.6,136,99.9,132,0.8388,2
85,Rice ,WAC,22-11,0.7371,107,84,96.7,93,70,72,0.063,29,0.6669,91,104,99,97.9,84,0.5312,183
86,Wisconsin Milwaukee ,Horz,20-11,0.7356,109.7,56,99.3,137,72.3,23,-0.034,227,0.5982,121,102.6,137,99.1,112,0.7331,37
87,Arkansas ,SEC,16-Dec,0.7319,104.9,104,95.1,70,67.8,158,-0.075,287,0.7151,65,105.9,58,97.7,78,0.3379,293
88,Temple ,A10,15-14,0.7314,110.3,52,100,152,61.6,314,0.001,147,0.733,51,105.3,69,96.5,36,0.7826,15
89,Tennessee ,SEC,15-14,0.7255,107.8,71,98.1,112,67.7,163,0.013,108,0.7468,41,106.6,39,97,51,0.3918,272
90,Indiana ,B10,14-15,0.7221,105,101,95.6,76,65.6,238,0.043,53,0.8105,13,109.4,5,96.4,34,0.7772,16
91,Murray St.,OVC,28-6,0.7212,107.7,73,98.1,113,69.8,80,0.056,35,0.3856,233,100.7,192,104.9,286,0.6249,99
92,Pennsylvania ,Ivy,17-10,0.7124,107.3,77,98.2,116,65.5,246,-0.078,292,0.4486,199,99.9,216,101.7,185,0.7184,43
93,Southwest Missouri St. ,MVC,19-14,0.7112,104.3,111,95.6,75,65.5,247,-0.036,232,0.5743,134,101.7,160,99.1,113,0.3971,268
94,Northwestern ,B10,14-15,0.7074,105.5,97,96.8,94,61.3,315,0.012,111,0.7516,37,106.3,46,96.5,37,0.6146,111
95,Fresno St. ,WAC,14-16,0.7023,105.9,94,97.4,104,60.4,319,-0.077,288,0.6939,79,104.8,82,97.6,71,0.6341,89
96,East Tennessee St.,SC,27-6,0.7016,102.3,138,94.1,54,74.8,7,0.006,134,0.4349,208,100,210,102.4,204,0.6056,117
97,Clemson ,ACC,18-Oct,0.6986,100.9,155,93,43,66.5,202,0.012,112,0.8559,6,110.1,4,94.3,7,0.5067,201
98,Wyoming ,MWC,16-Nov,0.6941,104.9,102,96.9,96,69.7,87,-0.124,322,0.6708,89,104.9,80,98.6,100,0.4996,210
99,Miami FL ,BE,13-16,0.6879,106.5,91,98.6,123,67.5,171,-0.123,321,0.6216,113,101.9,153,97.5,69,0.2357,318
100,East Carolina ,CUSA,13-14,0.6866,104,115,96.3,86,67.2,180,-0.107,315,0.5812,131,101.2,174,98.4,95,0.1858,323
101,California ,P10,13-15,0.68,103.1,128,95.8,79,66.3,212,-0.029,213,0.7266,56,106.7,38,98,86,0.6562,77
102,New Mexico ,MWC,14-14,0.6715,109.2,59,101.9,172,63.6,298,-0.066,276,0.6264,111,103.7,106,99.2,115,0.3541,286
103,Virginia Tech ,BE,15-14,0.6657,101.4,152,94.8,64,68.4,132,0.043,56,0.6868,85,104.2,91,97.3,63,0.2636,310
104,George Mason ,CAA,23-10,0.6644,100.8,157,94.3,57,68.7,119,0.085,14,0.538,145,101.3,170,99.9,133,0.5983,125
105,Mississippi ,SEC,13-15,0.656,101.5,150,95.3,72,65.1,265,0.011,114,0.7183,63,105.8,62,97.5,68,0.3194,297
106,San Diego St. ,MWC,13-16,0.65,103.4,121,97.3,102,68.8,116,-0.058,266,0.7256,57,107.4,23,98.7,102,0.6101,115
107,Buffalo ,MAC,17-12,0.6468,106.9,85,100.8,163,70.8,50,-0.025,203,0.4593,194,100.9,188,102.3,202,0.3768,277
108,Old Dominion ,CAA,17-12,0.6464,103,131,97.1,99,70.8,49,-0.028,211,0.527,149,100.9,186,100,134,0.5829,139
109,Minnesota ,B10,18-Dec,0.6448,104.4,109,98.5,122,69,114,-0.044,246,0.7079,71,105.6,67,97.8,80,0.4861,216
110,Georgetown ,BE,13-15,0.6435,97.8,209,92.4,39,70,76,-0.059,269,0.6508,97,103.5,114,98,87,0.2465,317
111,Drexel ,CAA,18-11,0.6425,105,100,99.1,134,69.2,106,-0.025,202,0.4686,188,100,211,101.1,165,0.4414,243
112,Niagara ,MAAC,21-10,0.6384,109.1,61,103.2,188,71.8,29,-0.048,254,0.4228,218,99.7,220,102.4,208,0.4736,224
113,Troy St. ,ASun,24-7,0.6256,109.5,58,104.2,206,70.5,60,0.009,125,0.3275,252,98.2,250,104.6,279,0.6509,78
114,Central Florida,ASun,25-6,0.6154,100.6,161,96.1,83,64.6,278,0.081,19,0.3123,259,98.6,241,105.6,306,0.5037,203
115,Southern California ,P10,13-15,0.6132,102.8,132,98.3,121,72,26,0.073,22,0.7211,61,107,29,98.6,98,0.6153,108
116,Butler ,Horz,16-14,0.6123,107.2,81,102.5,179,58.2,324,-0.047,251,0.5005,170,100.1,207,100.1,138,0.5685,156
117,Ohio St. ,B10,14-16,0.6049,107.8,72,103.4,191,64.7,276,0.046,50,0.69,81,104.2,90,97.2,61,0.4513,235
118,Fairfield ,MAAC,19-11,0.6041,100.2,169,96.2,84,64.2,283,0.016,101,0.467,190,101.2,176,102.4,207,0.6429,82
119,Washington St. ,P10,13-16,0.6034,99.7,177,95.7,77,58.9,323,-0.02,193,0.7211,60,106.1,53,97.7,75,0.5365,181
120,Western Kentucky ,SB,15-13,0.6014,108.6,66,104.3,212,68,153,-0.065,275,0.5303,147,100.4,201,99.4,120,0.7028,50
,,,,,,,,,,,,,Strength of Schedule,,,,,,NCSOS,
Rank,Team,Conf,W-L,Pyth,AdjO,AdjOR,AdjD,AdjDR,AdjT,AdjTR,Luck,LuckR,PythSOS,PythSOSR,OppO,OppOR,OppD,OppDR,PythNCSOS,PythNCSOSR
121,Louisiana Tech ,WAC,15-15,0.5966,100.2,168,96.5,91,66.6,200,-0.029,212,0.6395,103,103.4,119,98.3,94,0.3951,270
122,Miami OH ,MAC,18-11,0.596,102.7,134,98.9,128,60.5,318,0.077,20,0.586,127,103.2,122,100.2,139,0.6817,62
123,Austin Peay ,OVC,22-10,0.5956,97.6,211,94,51,63.8,293,0.061,30,0.4849,178,103,125,103.5,243,0.8355,4
124,Colorado St. ,MWC,13-16,0.5927,102.6,136,98.9,129,69.9,78,-0.001,149,0.7157,64,105.9,59,97.7,76,0.5665,157
125,UCLA ,P10,17-Nov,0.5885,101.7,146,98.2,117,64.9,268,0.01,121,0.748,39,106.8,36,97.1,57,0.7136,45
126,Princeton,Ivy,20-8,0.5869,103.5,119,100,151,58.1,325,0.023,87,0.3952,231,98.5,244,102.2,199,0.598,126
127,UC Santa Barbara ,BW,16-12,0.5866,99.7,178,96.3,87,64.9,267,-0.042,242,0.4857,177,101.8,154,102.4,205,0.5637,160
128,Belmont ,ASun,21-9,0.584,103.2,127,99.8,145,65.5,245,-0.058,265,0.3426,248,98.5,243,104.3,271,0.7246,40
129,Duquesne ,A10,17-Dec,0.5798,103.8,117,100.6,160,69.5,100,-0.061,273,0.6139,116,103.4,118,99.3,119,0.3422,292
130,Eastern Washington,BSky,17-13,0.5767,103,129,100,149,66.1,219,0.005,136,0.5174,158,101.5,162,100.9,156,0.7687,19
131,Pepperdine ,WCC,15-16,0.5763,111.7,43,108.4,273,71.4,34,-0.015,181,0.6021,120,103.2,120,99.6,126,0.6306,92
132,Oregon St. ,P10,15-Dec,0.5739,102.5,137,99.6,142,68.8,118,-0.013,178,0.661,94,104.5,88,98.6,99,0.3375,294
133,College of Charleston ,SC,20-9,0.5712,101.6,148,98.8,126,69.6,90,0.007,132,0.3958,230,98.2,252,101.9,188,0.5792,147
134,NC Wilmington ,CAA,15-15,0.567,96.1,235,93.6,48,61.6,312,-0.072,282,0.5183,157,101.3,171,100.6,149,0.5793,146
135,Arizona St. ,P10,17-Oct,0.567,105.8,96,103.1,186,70.5,59,-0.071,281,0.7011,75,105.8,60,98.3,93,0.5277,185
136,Boston University ,AE,23-6,0.5649,100.2,167,97.7,107,65.3,253,0.108,3,0.2943,265,95.2,294,102.8,217,0.5832,137
137,Toledo ,MAC,20-11,0.5648,107,83,104.3,209,71.1,39,0.11,2,0.5922,124,103.5,113,100.2,140,0.7654,20
138,Texas Christian ,CUSA,17-Dec,0.5608,102.1,140,99.7,144,68.3,138,-0.01,171,0.6744,88,104.1,92,97.7,79,0.521,193
139,IUPUI ,MCon,21-11,0.5515,107.6,74,105.5,234,66,227,-0.029,214,0.4311,213,101,182,103.5,242,0.584,136
140,Ball St. ,MAC,14-15,0.543,101.5,149,99.9,146,69.1,110,-0.024,200,0.584,130,103.9,101,100.9,157,0.7421,32
141,Santa Clara ,WCC,16-15,0.5415,100.9,156,99.3,136,63.6,299,0.029,77,0.5849,128,104.1,93,101,161,0.6275,96
142,Middle Tennessee ,SB,17-12,0.5411,100.3,166,98.7,124,67.1,189,0.017,100,0.4838,179,101,181,101.6,178,0.5248,187
143,Arkansas Little Rock ,SB,16-12,0.537,99.7,176,98.3,119,67.1,188,-0.061,270,0.3648,241,98.8,238,103.7,247,0.3049,301
144,Southern Methodist ,WAC,18-Dec,0.5355,103.2,125,101.8,171,64.1,288,-0.007,166,0.7082,70,104.9,79,97.1,55,0.6266,97
145,Missouri Kansas City ,MCon,15-14,0.5254,104.1,113,103,184,67.3,179,-0.077,289,0.3675,238,99.3,230,104.1,259,0.3741,278
146,Valparaiso,MCon,18-13,0.5132,98.3,202,97.8,109,70.8,48,0.058,33,0.4868,176,102.8,130,103.2,235,0.6619,75
147,Davidson ,SC,17-12,0.5111,100.4,165,100,150,68.1,148,0.035,67,0.5225,155,101.1,179,100.4,144,0.8682,1
148,Bradley ,MVC,15-16,0.5106,96.9,223,96.5,90,68.7,121,0.056,37,0.5883,126,103.1,124,99.9,131,0.4681,227
149,Drake ,MVC,16-Dec,0.5099,99.5,181,99.2,135,70,73,-0.025,204,0.6053,118,102.6,138,98.8,107,0.4263,255
150,Chattanooga ,SC,19-11,0.5096,109,64,108.6,275,68.4,133,0.031,72,0.4411,203,99.5,223,101.6,180,0.5893,131
151,Hofstra ,CAA,14-15,0.507,102,143,101.7,170,69.7,84,-0.018,189,0.5726,137,101.3,172,98.7,103,0.6912,55
152,Tulsa ,WAC,20-Sep,0.5032,99.8,173,99.7,143,69.1,112,-0.109,317,0.6893,82,105.1,74,98.1,88,0.5986,123
153,Georgia St. ,ASun,20-9,0.501,101.2,154,101.1,165,67.2,182,0.033,68,0.3354,250,99,233,105,289,0.7357,35
154,Idaho ,BW,14-16,0.4976,97.6,212,97.7,106,64.8,271,-0.021,195,0.5474,144,102.4,140,100.7,151,0.6975,53
155,Oral Roberts ,MCon,17-11,0.4975,106.1,93,106.2,248,70.2,67,-0.007,165,0.4515,198,101.2,173,103,226,0.6041,119
156,Delaware ,CAA,16-12,0.4924,96.5,231,96.8,95,70.7,54,0.015,106,0.4434,202,99.3,229,101.2,167,0.315,300
157,Stephen F. Austin ,Slnd,21-9,0.482,97.1,221,97.7,108,64.7,274,-0.083,298,0.2104,309,95.4,291,107,324,0.2295,319
158,Illinois St. ,MVC,19-Oct,0.4813,99.5,180,100.3,154,63.4,301,-0.072,283,0.6485,99,103.6,111,98.2,90,0.5985,124
159,Akron ,MAC,13-15,0.4786,104.3,112,105.2,228,66.2,215,-0.031,217,0.5276,148,102,149,101,163,0.5172,196
160,Bowling Green ,MAC,14-17,0.4773,102.8,133,103.7,194,67.4,175,-0.037,233,0.5253,152,101.6,161,100.7,152,0.4758,223
,,,,,,,,,,,,,Strength of Schedule,,,,,,NCSOS,
Rank,Team,Conf,W-L,Pyth,AdjO,AdjOR,AdjD,AdjDR,AdjT,AdjTR,Luck,LuckR,PythSOS,PythSOSR,OppO,OppOR,OppD,OppDR,PythNCSOS,PythNCSOSR
161,Holy Cross ,Pat,13-15,0.4724,94.9,256,95.9,80,65.7,236,-0.148,325,0.2774,280,95,297,103.2,233,0.4952,212
162,Arkansas St. ,SB,17-11,0.4709,103.4,122,104.6,218,68.3,134,-0.028,209,0.3605,244,97.1,260,102,194,0.2663,308
163,St. John's ,BE,21-Jun,0.4695,98.1,206,99.3,139,67.7,159,-0.026,206,0.79,23,107,30,95.3,16,0.6169,106
164,Marshall ,MAC,16-Dec,0.4691,99.9,172,101.1,164,70,75,0.021,91,0.5883,125,103.6,110,100.5,146,0.6668,72
165,Wisconsin Green Bay ,Horz,17-11,0.4687,98.7,195,99.9,147,65.3,251,0.095,7,0.495,173,101.7,158,101.9,189,0.441,244
166,Georgia Southern ,SC,21-8,0.4681,98.2,204,99.4,141,73.8,11,-0.027,208,0.2942,266,96.5,268,104.2,262,0.25,313
167,Texas A&M ,B12,21-Jul,0.465,104.4,110,105.8,240,68.2,147,-0.14,323,0.6363,105,103.6,109,98.7,104,0.1409,326
168,Vermont,AE,21-9,0.4649,99,187,100.4,155,66,228,0.1,6,0.294,267,95.6,287,103.1,230,0.553,170
169,Furman ,SC,17-12,0.4595,99.6,179,101.2,166,68.2,143,-0.09,305,0.3179,255,97.3,256,104,254,0.2986,303
170,New Orleans ,SB,17-14,0.4569,100.4,164,102.1,175,66.4,208,0.076,21,0.5212,156,101.8,155,101.1,164,0.6218,103
171,St. Peter's ,MAAC,17-12,0.4559,105.2,99,107.1,259,69.8,81,0.059,32,0.4358,207,100.1,206,102.4,209,0.5113,200
172,Massachusetts ,A10,19-Oct,0.4545,101.9,145,103.7,196,68.4,131,-0.031,221,0.6292,109,103.5,112,98.9,109,0.4944,213
173,Wright St. ,Horz,14-14,0.4517,102.1,139,104.1,204,65.1,261,0.04,59,0.4881,175,100.9,185,101.3,170,0.4779,221
174,Portland ,WCC,17-Nov,0.4498,101.7,147,103.7,195,68.2,145,-0.005,161,0.6358,106,104.4,89,99.5,123,0.6999,51
175,La Salle ,A10,20-Oct,0.4497,101.2,153,103.2,187,66,226,-0.033,224,0.6431,101,103.9,103,98.7,105,0.4448,239
176,Baylor ,B12,21-Aug,0.4484,102.1,141,104.2,205,63.1,307,-0.001,150,0.6887,83,104.6,85,97.6,72,0.2483,315
177,Cal St. Northridge ,BW,14-16,0.4469,98.5,199,100.6,161,69.4,102,-0.009,169,0.4941,174,101.3,168,101.5,174,0.4602,229
178,Oakland ,MCon,13-17,0.442,100.5,162,102.8,182,71.2,37,-0.088,303,0.5262,150,102.9,128,102,191,0.7431,30
179,Southern Mississippi ,CUSA,13-15,0.4412,97.1,220,99.4,140,66,225,0.046,48,0.6344,108,102.7,131,97.9,85,0.3782,276
180,Weber St. ,BSky,15-14,0.4403,103.4,123,105.8,241,63.3,304,-0.036,231,0.4393,206,100,212,102.1,197,0.5579,165
181,Centenary ,MCon,16-12,0.4345,100.5,163,103.1,185,65.3,249,0.022,88,0.4282,215,100.3,204,102.9,221,0.5606,163
182,Indiana St. ,MVC,19-Sep,0.42,94.8,258,97.9,110,61.7,311,-0.078,293,0.5938,123,102.9,127,99.6,127,0.4484,238
183,Denver ,SB,14-13,0.4195,100.7,160,103.9,200,66.9,193,0.011,118,0.4759,184,100.7,193,101.6,175,0.4997,209
184,Bucknell ,Pat,14-15,0.4182,94.4,260,97.5,105,66.2,216,-0.122,320,0.2794,279,96,279,104.3,269,0.5008,206
185,Liberty,BSth,17-15,0.4172,95,253,98.2,115,69.1,108,-0.011,174,0.3611,243,98.8,236,103.9,251,0.7499,27
186,Loyola Marymount ,WCC,15-14,0.4157,95.7,243,98.9,130,68,154,0.054,40,0.5085,163,102.9,126,102.6,213,0.3986,265
187,Birmingham Southern ,BSth,20-7,0.4082,103.9,116,107.7,263,65.8,230,0.025,82,0.1831,314,92.6,316,105.5,303,0.2535,312
188,South Florida ,CUSA,20-Jul,0.4075,98.8,190,102.5,178,65,266,-0.052,258,0.6931,80,104,100,96.9,47,0.5691,154
189,Mississippi Valley St. ,SWAC,22-7,0.401,95.2,249,99,132,65.2,254,0.043,54,0.1163,326,90.4,326,107.8,326,0.4438,241
190,Ohio ,MAC,20-Oct,0.397,98.2,203,102.3,176,66.3,211,-0.07,279,0.523,154,102.1,147,101.3,168,0.4796,219
191,Iona ,MAAC,18-Nov,0.3963,99.2,185,103.4,192,71.2,38,-0.061,272,0.4731,186,100.5,195,101.5,173,0.6567,76
192,Houston ,CUSA,18-Sep,0.394,93,277,97,98,63.1,306,0.011,116,0.6193,114,103.4,115,99.2,116,0.4395,248
193,New Mexico St. ,SB,13-14,0.3926,97.1,219,101.3,168,65.2,257,-0.024,197,0.46,193,101.2,178,102.6,211,0.4868,215
194,San Francisco ,WCC,16-14,0.3926,96.2,233,100.4,157,67.2,181,0.134,1,0.607,117,103.9,102,100.1,137,0.5974,127
195,Evansville ,MVC,22-Jul,0.3908,103.3,124,107.9,265,69.1,109,-0.072,284,0.6654,92,102.6,134,96.7,40,0.6316,91
196,South Alabama ,SB,16-Dec,0.3858,100.2,170,104.8,224,65.1,262,-0.047,253,0.5032,168,100.5,199,100.4,143,0.5533,168
197,Tulane ,CUSA,17-Nov,0.3823,96,239,100.7,162,68.7,123,0.002,143,0.5492,143,101.2,175,99.5,124,0.1738,324
198,UC Riverside ,BW,13-Nov,0.3812,99.3,184,104.1,203,66.7,197,0.002,142,0.4683,189,100.5,196,101.6,179,0.4446,240
199,Siena ,MAAC,14-15,0.3763,99.5,182,104.5,215,68.9,115,0.037,64,0.4204,220,99.4,227,102.2,198,0.5871,132
200,North Texas ,SB,13-14,0.372,99.3,183,104.5,214,71,45,0.015,105,0.4572,195,100.4,202,101.9,187,0.4409,245
,,,,,,,,,,,,,Strength of Schedule,,,,,,NCSOS,
Rank,Team,Conf,W-L,Pyth,AdjO,AdjOR,AdjD,AdjDR,AdjT,AdjTR,Luck,LuckR,PythSOS,PythSOSR,OppO,OppOR,OppD,OppDR,PythNCSOS,PythNCSOSR
201,Loyola Chicago ,Horz,20-Sep,0.3715,98.2,205,103.3,190,71.5,31,-0.003,152,0.5981,122,103.2,121,99.7,129,0.6806,64
202,UC Irvine ,BW,17-Nov,0.3628,98.7,192,104.3,211,63.2,305,0.018,99,0.5116,160,101.4,165,101,160,0.5729,152
203,Yale ,Ivy,15-Dec,0.362,96.9,222,102.4,177,64.5,279,-0.047,252,0.4435,201,99.9,214,101.9,190,0.6711,69
204,Northeastern ,AE,19-11,0.361,100.1,171,105.8,239,75,4,0.042,58,0.2988,262,95.3,293,102.6,215,0.5748,149
205,Cal St. Fullerton ,BW,17-Nov,0.3609,100.7,158,106.5,251,68.6,126,-0.034,226,0.4786,183,100.9,189,101.6,182,0.4774,222
206,American ,Pat,18-13,0.3592,98.7,193,104.5,213,65.5,248,-0.016,183,0.268,285,95.4,290,104.1,261,0.4837,217
207,Northern Arizona ,BSky,15-14,0.3556,98.7,194,104.6,220,71.3,36,0.005,138,0.4211,219,100.6,194,103.4,240,0.5232,191
208,Maine ,AE,20-10,0.3552,95.8,242,101.5,169,67.5,172,0.031,71,0.2184,307,93.6,309,104.6,280,0.2252,321
209,Cal Poly ,BW,16-Nov,0.3552,98.4,201,104.3,210,71.5,32,-0.024,201,0.5063,165,101.1,180,100.8,154,0.59,130
210,Penn St. ,B10,19-Sep,0.3551,94.3,261,99.9,148,64.8,270,0.047,46,0.7478,40,106.7,37,97.1,54,0.5543,167
211,Northern Illinois ,MAC,20-Oct,0.3511,99.2,186,105.3,231,66.2,217,-0.079,294,0.5342,146,102.2,143,101,159,0.582,141
212,Sacramento St. ,BSky,13-15,0.3495,96.1,237,102.1,174,71.1,40,-0.03,216,0.4181,221,99.9,215,102.8,218,0.5369,180
213,Texas Arlington ,Slnd,17-12,0.3486,101.4,151,107.8,264,67.1,187,0.015,104,0.2978,264,96.3,273,103.8,249,0.6282,94
214,Eastern Michigan ,MAC,13-15,0.3476,96.5,229,102.6,180,69.4,103,-0.039,236,0.4955,171,101.4,164,101.6,177,0.355,284
215,Monmouth,NEC,21-12,0.3473,94.4,259,100.4,158,67.6,165,0.103,4,0.3236,254,98.7,239,105.2,295,0.6501,79
216,Montana St. ,BSky,14-13,0.3411,94.1,262,100.4,156,68.3,139,0.001,145,0.3464,247,98.5,245,104.1,260,0.3535,287
217,Brown ,Ivy,14-13,0.3397,98,207,104.6,217,72.6,18,0.024,84,0.3751,236,98.4,246,102.9,220,0.5219,192
218,Eastern Kentucky ,OVC,14-15,0.3361,98.8,188,105.6,236,69.6,92,-0.058,264,0.3256,253,98.9,235,105.3,300,0.357,283
219,Morehead St. ,OVC,16-13,0.336,103.5,118,110.6,298,68.5,130,0.071,24,0.418,222,101.4,166,104.4,274,0.6805,65
220,Canisius ,MAAC,19-Oct,0.3294,98.6,197,105.7,238,68.2,142,-0.039,235,0.455,197,100.1,208,101.7,184,0.5468,173
221,Southeastern Louisiana ,Slnd,20-9,0.3282,98.8,189,106,242,67.9,156,0.008,129,0.2383,302,95.3,292,105.5,304,0.3986,266
222,San Jose St. ,WAC,23-Jun,0.3234,96.8,225,104,202,62.5,309,-0.07,280,0.647,100,103.9,104,98.5,96,0.3543,285
223,Appalachian St. ,SC,21-Sep,0.3214,91.9,290,98.8,127,72,25,-0.098,309,0.5255,151,102.2,144,101.3,169,0.7132,46
224,William & Mary ,CAA,21-Jul,0.3144,102,142,110.1,293,69.7,85,-0.106,314,0.5104,162,100,213,99.6,128,0.5278,184
225,Chicago St. ,MCon,20-Dec,0.3108,98.6,198,106.5,252,65.2,260,0.043,55,0.5549,141,102.9,129,100.9,158,0.755,23
226,Coastal Carolina ,BSth,13-14,0.309,94.9,257,102.6,181,68,152,-0.087,302,0.2601,288,95.5,288,104.6,281,0.5829,138
227,NC Greensboro ,SC,17-Nov,0.3085,99.8,174,108,268,68.7,120,-0.048,256,0.4053,225,99,232,102.3,203,0.5206,194
228,Fairleigh Dickinson ,NEC,17-12,0.2981,97.2,216,105.6,237,65.8,232,0.037,62,0.2562,290,96.6,267,106,313,0.4539,232
229,Central Connecticut ,NEC,14-14,0.2971,99.8,175,108.5,274,65.6,239,-0.052,259,0.2399,300,96.1,277,106.3,316,0.3707,279
230,Portland St. ,BSky,16-Nov,0.2956,93,276,101.2,167,67.4,174,-0.077,290,0.4317,212,100.5,198,102.9,224,0.5423,176
231,Rider ,MAAC,16-14,0.2925,96.5,230,105.2,229,65.2,255,0.083,16,0.3413,249,98.3,249,104.1,258,0.299,302
232,Lehigh,Pat,20-11,0.2924,95.2,250,103.7,197,65.1,264,0.047,47,0.2025,311,93.2,312,105,288,0.2881,304
233,South Carolina St. ,MEAC,18-11,0.2918,97.6,213,106.4,250,67.3,177,0.012,110,0.1782,316,92.8,313,106,314,0.6297,93
234,Western Carolina ,SC,13-15,0.2886,95.2,248,104,201,69.7,83,-0.037,234,0.4082,224,98.9,234,102.2,200,0.4728,225
235,Southeast Missouri St. ,OVC,16-Nov,0.2875,103.4,120,113,316,65.5,241,-0.061,271,0.3977,228,100.4,203,104,257,0.5794,145
236,Montana ,BSky,18-Oct,0.2867,96.1,238,105,226,69.1,113,-0.024,198,0.482,180,100.9,184,101.6,176,0.6633,74
237,St. Francis NY ,NEC,15-13,0.2864,95.4,246,104.3,208,70.8,51,-0.026,205,0.2142,308,95.1,295,106.5,318,0.2601,311
238,Lafayette ,Pat,18-10,0.2854,103.2,126,112.9,315,70,71,0.065,28,0.2886,271,95.1,296,102.9,219,0.5384,179
239,St. Bonaventure ,A10,21-Jul,0.2851,97.4,214,106.6,253,71.4,35,0.03,75,0.7087,69,105.5,68,97.7,77,0.6144,113
240,Cornell ,Ivy,16-Nov,0.2838,96.2,234,105.2,230,70.3,63,-0.105,313,0.3144,256,96.8,263,103.6,246,0.3689,280
,,,,,,,,,,,,,Strength of Schedule,,,,,,NCSOS,
Rank,Team,Conf,W-L,Pyth,AdjO,AdjOR,AdjD,AdjDR,AdjT,AdjTR,Luck,LuckR,PythSOS,PythSOSR,OppO,OppOR,OppD,OppDR,PythNCSOS,PythNCSOSR
241,Texas San Antonio,Slnd,19-14,0.2832,95.5,244,104.5,216,70.7,53,0.092,8,0.2834,274,96.9,262,105,290,0.5026,204
242,Tennessee Tech ,OVC,13-15,0.283,101.9,144,111.6,309,69.5,97,-0.008,168,0.4118,223,100.8,190,104,255,0.6233,102
243,Winthrop ,BSth,16-12,0.2825,96.4,232,105.6,235,64.6,277,0.009,126,0.263,287,95.9,282,104.9,287,0.5594,164
244,Texas A&M Corpus Chris ,ind,15-11,0.2796,96.8,226,106.1,245,70,74,0.026,80,0.3807,234,98.4,247,102.6,214,0.3807,275
245,McNeese St. ,Slnd,16-Nov,0.2779,96,241,105.3,232,73,12,-0.088,304,0.3667,239,98.6,240,103.4,239,0.7546,24
246,Texas Pan American ,ind,14-14,0.2741,92.7,279,101.9,173,69.6,94,0.053,41,0.4398,205,101,183,103.1,229,0.4398,247
247,Jacksonville St. ,OVC,14-14,0.2723,100.7,159,110.8,302,69.2,105,-0.035,230,0.2471,294,96.8,265,106.6,319,0.1579,325
248,Elon ,SC,18-Dec,0.2646,96.1,236,106.2,247,67,192,0.004,139,0.4337,210,99.7,219,102,195,0.6095,116
249,Coppin St. ,MEAC,18-14,0.2633,90.7,293,100.2,153,63.4,302,0.032,70,0.236,303,95.8,286,106.1,315,0.6896,56
250,Florida Atlantic ,ASun,19-Sep,0.2631,96.6,228,106.8,256,72.4,22,-0.197,326,0.3084,260,98.2,251,105.3,301,0.4372,250
251,Youngstown St. ,Horz,20-Aug,0.2584,94,264,104.2,207,69.5,98,-0.006,162,0.5635,138,103.1,123,100.8,153,0.5741,151
252,Mercer ,ASun,18-Dec,0.2478,98.4,200,109.7,287,69.2,104,0,148,0.4404,204,100.8,191,102.9,223,0.8196,6
253,Fordham ,A10,22-Jun,0.2442,92.7,281,103.5,193,68.6,124,0.006,133,0.7088,68,105.3,70,97.5,66,0.6281,95
254,James Madison ,CAA,21-Jul,0.237,97.3,215,109.1,281,65.8,231,-0.016,185,0.4753,185,99.1,231,100,135,0.35,288
255,Florida A&M,MEAC,15-17,0.2363,96,240,107.6,262,72.5,20,-0.004,159,0.2408,298,94.9,298,104.9,285,0.6265,98
256,Idaho St. ,BSky,13-18,0.2325,98.7,196,110.9,304,71.4,33,0.082,17,0.4454,200,99.7,218,101.6,181,0.5743,150
257,Binghamton ,AE,14-16,0.2242,88,304,99.3,138,66.1,221,0.03,76,0.2826,275,95.9,281,104,256,0.3982,267
258,Southern Utah ,MCon,18-Oct,0.2197,97.1,217,109.9,290,64.2,284,-0.012,176,0.5024,169,102.4,141,102.3,201,0.673,67
259,Central Michigan ,MAC,24-Jun,0.2179,94.1,263,106.6,254,72.9,13,-0.014,179,0.5843,129,103.4,116,100.4,145,0.6326,90
260,Texas St. ,Slnd,13-15,0.2168,97.8,210,110.8,303,64.7,275,-0.05,257,0.2804,277,96.2,276,104.4,276,0.6007,120
261,Delaware St. ,MEAC,13-15,0.2168,96.6,227,109.6,284,60.4,320,-0.022,196,0.2513,293,94.9,299,104.3,273,0.8382,3
262,Columbia ,Ivy,17-Oct,0.2147,92.2,287,104.7,221,69.4,101,-0.042,241,0.3282,251,97.5,255,103.7,248,0.3851,273
263,Tennessee Martin ,OVC,18-Oct,0.2131,95.4,247,108.3,272,70.6,56,-0.052,260,0.4292,214,100.9,187,103.4,241,0.6491,80
264,Mount St. Mary's ,NEC,19-Oct,0.2098,93.3,272,106.2,246,66.4,206,-0.047,250,0.2818,276,96.8,264,105,291,0.4547,231
265,Towson ,CAA,21-Aug,0.2055,92.3,286,105.4,233,66.2,214,0.016,103,0.4569,196,99.4,226,100.9,155,0.2785,305
266,Northwestern St. ,Slnd,17-Nov,0.2046,92,289,105,225,73.9,9,-0.066,277,0.3586,245,98.8,237,103.9,253,0.7444,29
267,High Point ,BSth,19-11,0.2013,93.4,270,106.8,255,70.9,47,0.102,5,0.2278,304,93.7,308,104.2,263,0.4405,246
268,St. Francis PA ,NEC,13-15,0.2005,97.1,218,111.2,307,65.2,259,0.039,60,0.2644,286,96.2,274,105.2,293,0.4801,218
269,Stetson ,ASun,15-Dec,0.1989,92.8,278,106.4,249,66.7,199,0.089,10,0.3711,237,99.8,217,104.5,278,0.8303,5
270,San Diego ,WCC,26-Apr,0.198,96.8,224,111,306,71.9,27,-0.054,261,0.6283,110,104,96,99.4,122,0.6171,105
271,Samford ,OVC,16-Dec,0.1959,94.9,254,109,279,60.6,317,0.021,89,0.466,192,102.4,139,103.6,245,0.8128,7
272,Robert Morris ,NEC,14-15,0.1956,97.9,208,112.4,312,64.4,281,0.049,43,0.2763,281,97.2,257,105.7,308,0.535,182
273,Alabama St.,SWAC,16-15,0.1925,90.2,295,103.7,198,63.5,300,0.016,102,0.1671,320,91.9,320,105.7,309,0.6152,109
274,Wagner ,NEC,13-16,0.1923,93,275,107,257,67.6,166,0.06,31,0.2752,282,97.1,258,105.6,307,0.5174,195
275,Tennessee St. ,OVC,21-Jul,0.1901,98.8,191,113.8,321,68.5,128,-0.059,268,0.4661,191,102.3,142,103.5,244,0.7388,33
276,Gardner Webb ,ASun,20-Sep,0.1816,94,265,108.9,278,67.4,176,-0.04,237,0.3968,229,99.4,224,103.1,231,0.7649,21
277,Sacred Heart ,NEC,15-Dec,0.1803,95.4,245,110.6,299,74.2,8,0.044,52,0.2594,289,96,278,105.2,294,0.4307,253
278,Hampton ,MEAC,13-17,0.1778,94,266,109.1,283,70.6,57,-0.031,220,0.2193,306,94.1,307,105.1,292,0.5992,122
279,Wofford ,SC,20-Sep,0.1747,95,252,110.6,297,72.6,19,0.021,92,0.5045,167,100.5,197,100.3,142,0.7747,17
280,Eastern Illinois ,OVC,21-Jun,0.172,92.1,288,107.4,261,69.5,99,-0.079,295,0.4343,209,101.9,152,104.3,270,0.6679,70
,,,,,,,,,,,,,Strength of Schedule,,,,,,NCSOS,
Rank,Team,Conf,W-L,Pyth,AdjO,AdjOR,AdjD,AdjDR,AdjT,AdjTR,Luck,LuckR,PythSOS,PythSOSR,OppO,OppOR,OppD,OppDR,PythNCSOS,PythNCSOSR
281,Louisiana Monroe ,Slnd,19-Dec,0.1694,89.8,298,104.8,223,70.2,66,0.02,93,0.4036,226,99.6,222,103,227,0.7073,48
282,Jacksonville ,ASun,13-15,0.1669,93.9,267,109.9,288,69.6,89,0.091,9,0.2795,278,97,261,105.3,298,0.2271,320
283,Radford ,BSth,16-Dec,0.1665,92.4,283,108.1,270,67.7,160,-0.019,192,0.2396,301,94.3,306,104.2,268,0.3645,282
284,Colgate ,Pat,15-14,0.1642,95.1,251,111.5,308,65.9,229,0.084,15,0.2438,296,94.4,303,104.2,264,0.3448,291
285,Cleveland St. ,Horz,25-Apr,0.1631,89.6,300,105.1,227,70.7,52,-0.117,318,0.5617,139,102,151,99.8,130,0.5246,188
286,Marist ,MAAC,21-Jun,0.162,89.1,301,104.6,219,66.5,203,-0.045,247,0.426,216,100.1,209,102.7,216,0.4581,230
287,MD Baltimore County ,AE,21-Jul,0.1616,90.3,294,106,244,65.1,263,-0.14,324,0.2867,273,95.5,289,103.4,238,0.4505,236
288,Long Beach St. ,BW,21-Jun,0.1595,92.7,280,109,280,67.6,169,-0.016,184,0.4954,172,101.5,163,101.7,183,0.4531,233
289,Sam Houston St. ,Slnd,13-15,0.1593,93.4,268,109.9,289,72.4,21,-0.011,175,0.292,270,96.2,275,103.9,252,0.5395,178
290,IUPU Fort Wayne ,ind,20-Mar,0.1581,93.4,269,110,292,67.6,168,-0.032,222,0.5805,132,103.4,117,100.5,147,0.5805,142
291,Stony Brook ,AE,20-Oct,0.1576,93.1,273,109.7,286,65.8,233,0.007,131,0.2684,284,94.4,302,103,228,0.3214,296
292,New Hampshire ,AE,20-Oct,0.1561,89.9,297,106,243,65.8,234,-0.042,243,0.2732,283,94.5,301,102.9,222,0.384,274
293,Lamar ,Slnd,18-Sep,0.1516,93.1,274,110.1,295,75.5,2,-0.043,244,0.2921,269,96.5,271,104.2,265,0.5241,190
294,Quinnipiac ,NEC,20-Sep,0.1486,94.9,255,112.5,313,71.8,30,-0.078,291,0.2543,291,96.4,272,105.8,310,0.4132,259
295,Hartford ,AE,17-Dec,0.142,92.4,284,110.1,294,65.6,240,0.032,69,0.2987,263,95.8,284,103.2,234,0.4365,251
296,Southern ,SWAC,16-Nov,0.1346,92.3,285,110.7,300,69.9,77,-0.108,316,0.134,324,90.7,324,106.6,320,0.4027,264
297,Western Illinois ,MCon,25-Mar,0.1247,91.7,291,110.9,305,69.5,96,-0.063,274,0.4818,181,101.8,156,102.5,210,0.5687,155
298,Norfolk St. ,MEAC,17-Dec,0.1211,89,302,107.9,266,64.9,269,0.014,107,0.1396,322,91.1,321,106.8,322,0.3454,289
299,Long Island ,NEC,19-Aug,0.1198,89.6,299,108.9,277,72.8,17,-0.005,160,0.2408,299,95.9,283,105.9,312,0.3365,295
300,Morgan St. ,MEAC,16-Nov,0.118,92.6,282,112.7,314,69.9,79,-0.002,151,0.1809,315,92.3,318,105.3,297,0.6046,118
301,Lipscomb ,ASun,21-Jul,0.1169,93.4,271,113.7,320,68.2,140,-0.041,240,0.3539,246,99.4,225,104.7,284,0.5961,129
302,Jackson St. ,SWAC,17-Dec,0.1118,84.1,317,103,183,69.6,93,-0.017,188,0.1729,319,92.4,317,105.9,311,0.6234,101
303,Texas Southern ,SWAC,14-14,0.1094,85.4,313,104.8,222,70.5,58,0.01,119,0.1198,325,90.6,325,107.7,325,0.3192,298
304,NC Asheville ,BSth,20-Sep,0.1079,90.1,296,110.8,301,66.8,196,0.019,94,0.3889,232,98.1,253,102,193,0.7987,10
305,Charleston Southern ,BSth,22-Jun,0.1008,87.8,305,108.7,276,63.4,303,-0.118,319,0.2883,272,96,280,103.8,250,0.4905,214
306,Harvard ,Ivy,23-Apr,0.0973,87.1,308,108.2,271,72.9,14,-0.054,262,0.3613,242,97.7,254,102.6,212,0.4174,257
307,Alabama A&M ,SWAC,13-17,0.0953,91.3,292,113.7,319,71,43,0.028,78,0.1395,323,91.1,322,106.8,321,0.4999,208
308,Grambling ,SWAC,18-Nov,0.0949,88.6,303,110.4,296,71,44,-0.048,255,0.2001,312,92.8,314,104.7,282,0.7931,12
309,Albany ,AE,22-May,0.0843,84.8,315,107.1,258,64.4,280,-0.057,263,0.2452,295,94.6,300,104.3,272,0.2704,307
310,Howard ,MEAC,22-Jun,0.0777,84.1,318,107.1,260,68.5,129,-0.092,307,0.1733,318,93.3,310,106.9,323,0.4141,258
311,Florida International ,SB,22-May,0.0699,80.2,321,103.3,189,64,289,-0.02,194,0.4812,182,101.4,167,102,196,0.4486,237
312,Loyola MD ,MAAC,27-Jan,0.0683,86.7,309,111.9,310,68.2,146,-0.044,245,0.3776,235,98.6,242,103,225,0.2643,309
313,Alcorn St. ,SWAC,18-Nov,0.0603,87.6,307,114.5,323,69.2,107,0.067,26,0.1444,321,91.1,323,106.3,317,0.3937,271
314,Campbell ,ASun,24-Mar,0.0583,87.7,306,115,325,75.8,1,-0.014,180,0.3657,240,99.3,228,104.2,267,0.5575,166
315,Dartmouth ,Ivy,25-Mar,0.0555,85,314,112.1,311,64,290,-0.046,248,0.2925,268,96.7,266,104.4,277,0.2485,314
316,Bethune Cookman ,MEAC,21-Aug,0.054,85.6,312,113.1,317,65.2,256,-0.004,156,0.1744,317,92,319,105.3,299,0.3967,269
317,Nicholls St. ,Slnd,21-Jun,0.0533,85.8,311,113.6,318,68.2,141,-0.035,228,0.3026,261,97.1,259,104.4,275,0.5263,186
318,The Citadel ,SC,22-Jun,0.0505,82.3,319,109.6,285,65.3,250,-0.004,155,0.4023,227,98.3,248,101.8,186,0.4063,261
319,Virginia Military Inst ,BSth,22-Jun,0.0447,80.2,322,108.1,269,66.1,222,0.008,127,0.3125,258,96.5,269,103.3,237,0.5608,162
320,Savannah St. ,ind,23-Apr,0.0428,80.6,320,109.1,282,73.9,10,0.01,122,0.4236,217,100.4,200,103.2,232,0.4236,256
,,,,,,,,,,,,,,,,,,,,
,,,,,,,,,,,,,,,,,,,,
321,Maryland Eastern Shore ,MEAC,21-Aug,0.0424,86.4,310,117.1,326,63.7,297,0.049,44,0.1839,313,92.7,315,105.6,305,0.4387,249
322,Prairie View A&M ,SWAC,20-Jul,0.0405,84.4,316,114.9,324,68.8,117,0.055,38,0.2095,310,93.3,311,104.7,283,0.6969,54
323,Navy ,Pat,23-May,0.0339,79.3,323,110,291,68.2,144,-0.032,223,0.3131,257,96.5,270,103.3,236,0.4727,226
324,North Carolina A&T ,MEAC,25-Mar,0.0287,73.7,324,103.9,199,75,5,-0.075,286,0.2536,292,95.8,285,105.2,296,0.7213,42
325,Army ,Pat,21-Jun,0.0186,73.3,325,107.9,267,63.8,294,-0.004,157,0.2196,305,94.4,304,105.4,302,0.2022,322
326,Arkansas Pine Bluff ,SWAC,26-Jan,0.0089,72.3,326,114.5,322,69.5,95,-0.018,190,0.2416,297,94.3,305,104.2,266,0.746,28
