id,pred
S_507_509,0.5874688367563112
S_507_511,0.04230477336612236
S_507_512,0.5072601326267956
S_507_521,0.08100806122110599
S_507_536,0.07208888220812763
S_507_538,0.3701428936932201
S_507_549,0.12300491242466081
S_507_553,0.3824603801025608
S_507_556,0.035496317319751794
S_507_559,0.0852544282594317
S_507_562,0.10752759722918578
S_507_569,0.17286873958752888
S_507_570,0.2754003469164988
S_507_577,0.14998992905069836
S_507_580,0.5248035587429322
S_507_592,0.05664254958067526
S_507_599,0.29533548567815904
S_507_607,0.07086500281759699
S_507_612,0.36559239779630304
S_507_628,0.8429476493116058
S_507_629,0.17924851677645234
S_507_636,0.09410253591004014
S_507_637,0.31918876896989373
S_507_640,0.18043933234004564
S_507_651,0.4155100262133872
S_507_658,0.13414814933602717
S_507_663,0.0900845996173854
S_507_666,0.26070616652247436
S_507_667,0.07981441424784716
S_507_670,0.2782376741114276
S_507_671,0.18488388655301505
S_507_686,0.4799201798201262
S_507_689,0.193031372874859
S_507_694,0.3023446171627163
S_507_695,0.31814524967823393
S_507_698,0.20183068233878068
S_507_701,0.09761205366341429
S_507_702,0.33369768538957273
S_507_708,0.2222968411012162
S_507_720,0.3584186227759512
S_507_721,0.15285685803148902
S_507_722,0.43458921210945783
S_507_725,0.09833582287855167
S_507_731,0.16966070037403452
S_507_737,0.058442198183801634
S_507_754,0.09572796977090628
S_507_765,0.13517500685361075
S_507_779,0.29108266566997
S_507_780,0.3623010179781308
S_507_783,0.16397980958647046
S_507_786,0.061736404937217305
S_507_790,0.18700822000808673
S_507_793,0.07432586594610804
S_507_802,0.20751962518012515
S_507_804,0.7646686034888834
S_507_810,0.1330397874169187
S_507_811,0.2708216338293398
S_507_825,0.07761331227412145
S_507_829,0.14465048977730005
S_507_830,0.07785925746612285
S_507_836,0.783177156688237
S_507_842,0.9460517022237986
S_507_845,0.2134151279830713
S_507_846,0.020405272309622274
S_507_849,0.10043327149310552
S_507_850,0.1397045743809629
S_507_853,0.18437115752481628
S_509_511,0.014308315812002755
S_509_512,0.27090963540898866
S_509_521,0.03012784700931354
S_509_536,0.03571914737720029
S_509_538,0.22023905327376767
S_509_549,0.0511618760742801
S_509_553,0.2938701740006239
S_509_556,0.015657197101341624
S_509_559,0.032084732916535796
S_509_562,0.03705710946640936
S_509_569,0.08075681522848022
S_509_570,0.1561606733595266
S_509_577,0.05728112765423164
S_509_580,0.31534418929910696
S_509_592,0.018467399893493025
S_509_599,0.14101089469795677
S_509_607,0.028021684883301985
S_509_612,0.1792418269966598
S_509_628,0.6816378320515157
S_509_629,0.06888096966248727
S_509_636,0.03860789564688331
S_509_637,0.15715480055502173
S_509_640,0.08273767642386674
S_509_651,0.19429992914384825
S_509_658,0.06718472651696636
S_509_663,0.041232484901273465
S_509_666,0.12178128963200724
S_509_667,0.04037524365607093
S_509_670,0.10348166196811591
S_509_671,0.06854183037672959
S_509_686,0.3359037201402955
S_509_689,0.08534428128377887
S_509_694,0.16773595170966868
S_509_695,0.15938500544191433
S_509_698,0.09284770680684298
S_509_701,0.03892634144222698
S_509_702,0.18620812643239584
S_509_708,0.10477675858933068
S_509_720,0.1684545918530114
S_509_721,0.06492762859643039
S_509_722,0.217703119187373
S_509_725,0.041618932454027056
S_509_731,0.0683742302155883
S_509_737,0.022721262527437298
S_509_754,0.03945859993353392
S_509_765,0.06370906747706277
S_509_779,0.12739677183899592
S_509_780,0.18446412593662564
S_509_783,0.0716670986626991
S_509_786,0.02231472159685599
S_509_790,0.0819262321826989
S_509_793,0.033585315517237986
S_509_802,0.11003825584555338
S_509_804,0.6627937630556497
S_509_810,0.054401752516216956
S_509_811,0.15677813150292916
S_509_825,0.03515735157823579
S_509_829,0.053242534714590666
S_509_830,0.027657840043296408
S_509_836,0.638439665371912
S_509_842,0.894769239918655
S_509_845,0.1186430628800046
S_509_846,0.007293700721530557
S_509_849,0.03437626355431795
S_509_850,0.08076575146693928
S_509_853,0.08306221809550442
S_511_512,0.9562942085874039
S_511_521,0.6275420820233789
S_511_536,0.6680041143884023
S_511_538,0.9564253360325679
S_511_549,0.7527944031567024
S_511_553,0.9755218207729803
S_511_556,0.5123653463314368
S_511_559,0.6460323754612283
S_511_562,0.5894414192945218
S_511_569,0.8373066644696957
S_511_570,0.9181562651876543
S_511_577,0.7234411501633145
S_511_580,0.9709858712419237
S_511_592,0.4463353758962927
S_511_599,0.9055028450553145
S_511_607,0.5843099623064985
S_511_612,0.9307364950286812
S_511_628,0.9921099510682534
S_511_629,0.7527357298854342
S_511_636,0.6729295444802456
S_511_637,0.923227213307111
S_511_640,0.8519576190366637
S_511_651,0.9149017430144266
S_511_658,0.8474964255061733
S_511_663,0.6955730755380234
S_511_666,0.8837233298032768
S_511_667,0.730539344386304
S_511_670,0.8276408574394086
S_511_671,0.764788790241868
S_511_686,0.9752829619541716
S_511_689,0.8346511522499763
S_511_694,0.9397891391212758
S_511_695,0.9163250438661333
S_511_698,0.8692385992898741
S_511_701,0.679950434084238
S_511_702,0.9462036135699692
S_511_708,0.8606157825568017
S_511_720,0.9245539822429494
S_511_721,0.7752445844950615
S_511_722,0.9446799547056699
S_511_725,0.6996138216534921
S_511_731,0.8033053557936788
S_511_737,0.5861653864631199
S_511_754,0.6739978381532471
S_511_765,0.8137686917955991
S_511_779,0.8883822970370564
S_511_780,0.9303874273821757
S_511_783,0.8161523097120833
S_511_786,0.5323759967234307
S_511_790,0.8383805224328267
S_511_793,0.6689166354557098
S_511_802,0.8973183046743508
S_511_804,0.9947134872680278
S_511_810,0.7205245303316432
S_511_811,0.927563679280093
S_511_825,0.6558806356902833
S_511_829,0.710576209368439
S_511_830,0.5682486822694368
S_511_836,0.993149670969705
S_511_842,0.9999946048863537
S_511_845,0.916846092952
S_511_846,0.2710192104674677
S_511_849,0.6096540347070185
S_511_850,0.8673153423355496
S_511_853,0.8407435252749308
S_512_521,0.054860457688651894
S_512_536,0.08954793014207331
S_512_538,0.33147458919924205
S_512_549,0.08342324654779282
S_512_553,0.5419078234599723
S_512_556,0.036590046937255205
S_512_559,0.054099177321113724
S_512_562,0.05139232776767284
S_512_569,0.1498254962866432
S_512_570,0.2809136992616189
S_512_577,0.085789988807829
S_512_580,0.5253909909340992
S_512_592,0.02960733306035676
S_512_599,0.25036841725226117
S_512_607,0.05332144448246804
S_512_612,0.30957604636347225
S_512_628,0.8309436834260109
S_512_629,0.10368347243574887
S_512_636,0.08184317079745881
S_512_637,0.2655189387082865
S_512_640,0.1703297289284975
S_512_651,0.3096669837393963
S_512_658,0.17622073824440368
S_512_663,0.07871705808150471
S_512_666,0.22887504206661288
S_512_667,0.08823383843056688
S_512_670,0.12797570952797555
S_512_671,0.10057077631682838
S_512_686,0.5309285054789656
S_512_689,0.14198403302704182
S_512_694,0.35033696990848684
S_512_695,0.2366847046927158
S_512_698,0.1524516074333085
S_512_701,0.06780537141260716
S_512_702,0.39100432097468285
S_512_708,0.19778174230877352
S_512_720,0.2736570876442245
S_512_721,0.11520091362347311
S_512_722,0.3793965374388207
S_512_725,0.08209809867097258
S_512_731,0.13407620279079302
S_512_737,0.04347400615457082
S_512_754,0.06338053357171082
S_512_765,0.1310069217401233
S_512_779,0.1881094214712493
S_512_780,0.30817555608533803
S_512_783,0.12742164586254215
S_512_786,0.03361445618914501
S_512_790,0.13840548621516677
S_512_793,0.06241668933382728
S_512_802,0.22875273525917875
S_512_804,0.8572287123933618
S_512_810,0.10197830554466364
S_512_811,0.32325340759900817
S_512_825,0.06798260756148199
S_512_829,0.08485523963261246
S_512_830,0.04113781230967417
S_512_836,0.8156746970714275
S_512_842,0.9529938858757177
S_512_845,0.25377117027788376
S_512_846,0.014611573964760432
S_512_849,0.04746691066786755
S_512_850,0.15474230630195462
S_512_853,0.1576304067891341
S_521_536,0.5058348302306589
S_521_538,0.8574093143428931
S_521_549,0.51818146806537
S_521_553,0.9344801155908051
S_521_556,0.3019695441779722
S_521_559,0.398042074044847
S_521_562,0.3686244922273212
S_521_569,0.6664052960843505
S_521_570,0.8257872370339199
S_521_577,0.5163474563660715
S_521_580,0.9302286458207892
S_521_592,0.24877802714722802
S_521_599,0.7930757189234257
S_521_607,0.37174862222100563
S_521_612,0.8362939902146441
S_521_628,0.9819657460597611
S_521_629,0.5713533892187728
S_521_636,0.4865978417846179
S_521_637,0.8097165968832322
S_521_640,0.6979628482132023
S_521_651,0.8308498544941577
S_521_658,0.7097658866603533
S_521_663,0.4909622613054162
S_521_666,0.7644870665424836
S_521_667,0.514060947336724
S_521_670,0.6372318674453147
S_521_671,0.5535290329984329
S_521_686,0.934887486058316
S_521_689,0.6507932738755939
S_521_694,0.8574681097238936
S_521_695,0.7894528340186245
S_521_698,0.6960477655519298
S_521_701,0.45513399790651404
S_521_702,0.8769545155275789
S_521_708,0.7284198093677019
S_521_720,0.8186005662288914
S_521_721,0.6041663962442012
S_521_722,0.8773422300619836
S_521_725,0.5058968497120816
S_521_731,0.6286161357326207
S_521_737,0.34578936485615214
S_521_754,0.4376789275114616
S_521_765,0.630514497327282
S_521_779,0.7362720699826497
S_521_780,0.8401740765043125
S_521_783,0.6330815550161333
S_521_786,0.28273149622321186
S_521_790,0.6446832811275723
S_521_793,0.4395567082413611
S_521_802,0.7769168071387351
S_521_804,0.98591777696742
S_521_810,0.5489988007493293
S_521_811,0.8441176003569578
S_521_825,0.4533450049056275
S_521_829,0.5189385135899764
S_521_830,0.31887622831416595
S_521_836,0.9820885824953701
S_521_842,0.9958853185480897
S_521_845,0.809906200933996
S_521_846,0.13934327752965858
S_521_849,0.3683109843349318
S_521_850,0.6766265430188617
S_521_853,0.675054994128079
S_536_538,0.7647452244049973
S_536_549,0.40231326557808966
S_536_553,0.8666106189611565
S_536_556,0.19239920583220663
S_536_559,0.34993187632443123
S_536_562,0.32804357405332946
S_536_569,0.5399006503568851
S_536_570,0.7593403617016175
S_536_577,0.46743028317930696
S_536_580,0.9096504935685091
S_536_592,0.16265454411601143
S_536_599,0.6838165636629024
S_536_607,0.29538146049608793
S_536_612,0.737788646023701
S_536_628,0.9744583287908138
S_536_629,0.5203935711126627
S_536_636,0.41376760741353796
S_536_637,0.7174607017607364
S_536_640,0.5784874212614933
S_536_651,0.7999126993945282
S_536_658,0.6164929717132466
S_536_663,0.39042918660520604
S_536_666,0.6779441868984387
S_536_667,0.4210549369065686
S_536_670,0.554224525314581
S_536_671,0.5065946647643814
S_536_686,0.9110557992029455
S_536_689,0.5108382124175878
S_536_694,0.7500968632771323
S_536_695,0.6830544574935592
S_536_698,0.5690598045104253
S_536_701,0.34888744883361295
S_536_702,0.8087966355479901
S_536_708,0.6037241141173755
S_536_720,0.7420085973037486
S_536_721,0.5521358611252541
S_536_722,0.8540698747731091
S_536_725,0.44644848918965296
S_536_731,0.49022305920445447
S_536_737,0.27066737116022954
S_536_754,0.28613249179139594
S_536_765,0.48580912418143146
S_536_779,0.6434767351176623
S_536_780,0.7554219605490228
S_536_783,0.5227455421186235
S_536_786,0.18417863098758788
S_536_790,0.5218362908339262
S_536_793,0.3292497165442809
S_536_802,0.6659201781031681
S_536_804,0.9725545109083495
S_536_810,0.47274155603770457
S_536_811,0.7765850478124601
S_536_825,0.3741167042032976
S_536_829,0.4744898169008795
S_536_830,0.20297654964116293
S_536_836,0.9650021098977568
S_536_842,0.9919766742269154
S_536_845,0.7259771746240616
S_536_846,0.10033533574190749
S_536_849,0.2944860183913604
S_536_850,0.47688418510584024
S_536_853,0.5488360967494492
S_538_549,0.12610805503103112
S_538_553,0.5
S_538_556,0.039546823637247604
S_538_559,0.07615992377401581
S_538_562,0.08642591849941723
S_538_569,0.1866512054924011
S_538_570,0.29153413231444164
S_538_577,0.12460936692579969
S_538_580,0.5490530003313395
S_538_592,0.05655177986874948
S_538_599,0.3345596265326715
S_538_607,0.07229602616872717
S_538_612,0.4157529361498985
S_538_628,0.8480644733692451
S_538_629,0.15362028570968553
S_538_636,0.08925267564893012
S_538_637,0.3228413960256043
S_538_640,0.1877322128735799
S_538_651,0.40784601897131534
S_538_658,0.1594354052460785
S_538_663,0.09613172739036362
S_538_666,0.2876882174830345
S_538_667,0.09353199588138061
S_538_670,0.2399093228062758
S_538_671,0.16176886545060842
S_538_686,0.5102910573543371
S_538_689,0.21707053038738786
S_538_694,0.3864939686392851
S_538_695,0.3290929088219433
S_538_698,0.20152097880980402
S_538_701,0.0976038799858415
S_538_702,0.39960980170599525
S_538_708,0.24875133453398854
S_538_720,0.35844853066967175
S_538_721,0.13478845871535394
S_538_722,0.40949816688282487
S_538_725,0.09143984468082668
S_538_731,0.17935949064423076
S_538_737,0.05294457823838591
S_538_754,0.10983337016010356
S_538_765,0.16680356296950688
S_538_779,0.2969360602154116
S_538_780,0.3826561344448139
S_538_783,0.1629988448092871
S_538_786,0.06177735665686726
S_538_790,0.1856467673294047
S_538_793,0.07790568327491441
S_538_802,0.23441041092576767
S_538_804,0.8360034171632432
S_538_810,0.1354662304906655
S_538_811,0.31389861213753784
S_538_825,0.0798279073337636
S_538_829,0.12036592686971297
S_538_830,0.07858579667213657
S_538_836,0.830225581029348
S_538_842,0.9600335318610822
S_538_845,0.23523285902991856
S_538_846,0.02038729158015408
S_538_849,0.08247898558653963
S_538_850,0.19330687394061707
S_538_853,0.194508865997855
S_549_553,0.8657365190364409
S_549_556,0.18463025763605265
S_549_559,0.28157536017024204
S_549_562,0.2688882591059602
S_549_569,0.5327658425563929
S_549_570,0.6940319979934494
S_549_577,0.38732541555694505
S_549_580,0.8626472179113062
S_549_592,0.16902483701499277
S_549_599,0.6875174364714947
S_549_607,0.253087316604155
S_549_612,0.7509738140182819
S_549_628,0.9670298962982723
S_549_629,0.42385779089432263
S_549_636,0.35010530667769973
S_549_637,0.7105098777791247
S_549_640,0.5730132435599119
S_549_651,0.7146604969984152
S_549_658,0.5293624539986295
S_549_663,0.3477164080230257
S_549_666,0.641378077409288
S_549_667,0.3502704675958847
S_549_670,0.5447987228649734
S_549_671,0.43628484138806517
S_549_686,0.8704472559562414
S_549_689,0.5487900011625009
S_549_694,0.750087029346188
S_549_695,0.7010143987385793
S_549_698,0.5757154092880777
S_549_701,0.33392355388047484
S_549_702,0.7911845071295205
S_549_708,0.6043324733433095
S_549_720,0.7230475551258225
S_549_721,0.4420100836223248
S_549_722,0.7919551155061558
S_549_725,0.3507283865843883
S_549_731,0.5
S_549_737,0.23070683206343928
S_549_754,0.328662025619824
S_549_765,0.45742669957156507
S_549_779,0.6427915568704441
S_549_780,0.7374143220129157
S_549_783,0.5087824733521238
S_549_786,0.2061945653906446
S_549_790,0.5384958194950048
S_549_793,0.3034443176626819
S_549_802,0.6400903953587969
S_549_804,0.9712454202486156
S_549_810,0.3965836424527222
S_549_811,0.7252240422883023
S_549_825,0.28546887444424773
S_549_829,0.36544393967541267
S_549_830,0.24463366273110673
S_549_836,0.9649345816592209
S_549_842,0.9930924898717053
S_549_845,0.6591994142962861
S_549_846,0.07897871827696414
S_549_849,0.27487156253565337
S_549_850,0.5507560487150739
S_549_853,0.5526921840377202
S_553_556,0.04142380852339081
S_553_559,0.10817205106559886
S_553_562,0.15449917165972615
S_553_569,0.20437053198248586
S_553_570,0.3179715175036149
S_553_577,0.2037548278123375
S_553_580,0.5908723200144382
S_553_592,0.0609014203004461
S_553_599,0.33027899859835486
S_553_607,0.09581958804568623
S_553_612,0.3947881800859739
S_553_628,0.8868639404194286
S_553_629,0.2298693623852762
S_553_636,0.14173725180164987
S_553_637,0.3498214900822218
S_553_640,0.2178526985044686
S_553_651,0.4857324256167091
S_553_658,0.16423054594201866
S_553_663,0.11611378368946997
S_553_666,0.31230711966155716
S_553_667,0.10079126201480927
S_553_670,0.33464392558443345
S_553_671,0.24107149869797465
S_553_686,0.5429131254264533
S_553_689,0.2248290448159039
S_553_694,0.30848024163679827
S_553_695,0.33896478436845356
S_553_698,0.22023309230315136
S_553_701,0.11457981072461614
S_553_702,0.38604563915488854
S_553_708,0.2601580593139098
S_553_720,0.39056464684383707
S_553_721,0.21318137757828445
S_553_722,0.529286441022187
S_553_725,0.1438287594554942
S_553_731,0.20162259986957215
S_553_737,0.07091877540092746
S_553_754,0.09477434449742414
S_553_765,0.14051735542453464
S_553_779,0.3169861168515989
S_553_780,0.3885867649896664
S_553_783,0.2041084691456303
S_553_786,0.06395397458677561
S_553_790,0.21967040920446562
S_553_793,0.0842826389063594
S_553_802,0.23446473775291368
S_553_804,0.7914494194819075
S_553_810,0.18857267340252984
S_553_811,0.33332649752965965
S_553_825,0.09848231886601652
S_553_829,0.18376668299343454
S_553_830,0.08285444969037005
S_553_836,0.7955563397379584
S_553_842,0.9526707708841511
S_553_845,0.23821258677311982
S_553_846,0.024992420537057344
S_553_849,0.12226832165576271
S_553_850,0.13726577257161876
S_553_853,0.22541256050712355
S_556_559,0.5458363666561953
S_556_562,0.5268920136951158
S_556_569,0.7473707655164255
S_556_570,0.8600412459454702
S_556_577,0.6630557644151122
S_556_580,0.9486074604217264
S_556_592,0.36369126381418604
S_556_599,0.8556397362104986
S_556_607,0.49149034541533043
S_556_612,0.8848146718947639
S_556_628,0.9891502396767821
S_556_629,0.7075266594133671
S_556_636,0.6218706571681591
S_556_637,0.8728772011871627
S_556_640,0.7883675028561236
S_556_651,0.8954766494697833
S_556_658,0.767073039370104
S_556_663,0.5983062038591767
S_556_666,0.8380202957025021
S_556_667,0.5939977384055298
S_556_670,0.7697820939510577
S_556_671,0.7076576441347444
S_556_686,0.9470539870052477
S_556_689,0.735016386212365
S_556_694,0.8825492183755659
S_556_695,0.8562270760398046
S_556_698,0.7772802325268158
S_556_701,0.5832031860584738
S_556_702,0.9096019642087265
S_556_708,0.8042858181468147
S_556_720,0.8841563752185252
S_556_721,0.7159815889801171
S_556_722,0.9267974955070133
S_556_725,0.6261881598362335
S_556_731,0.7356481212476583
S_556_737,0.47155199269446496
S_556_754,0.544574390240734
S_556_765,0.6896090128614029
S_556_779,0.8294194440564499
S_556_780,0.8874697646439781
S_556_783,0.7349052219010233
S_556_786,0.40498575290647176
S_556_790,0.7547311623930049
S_556_793,0.5547540028605228
S_556_802,0.8221486918256371
S_556_804,0.9873957767118982
S_556_810,0.6688968920066992
S_556_811,0.8765274431647959
S_556_825,0.5523941372433133
S_556_829,0.662691870332508
S_556_830,0.45367109183535725
S_556_836,0.9857688813270713
S_556_842,0.9968633403083159
S_556_845,0.846599258082995
S_556_846,0.20892218514679117
S_556_849,0.5219610286709473
S_556_850,0.7058636299884041
S_556_853,0.7662114578775099
S_559_562,0.3549658171974011
S_559_569,0.6651066841107957
S_559_570,0.8183278102874848
S_559_577,0.5
S_559_580,0.9243358214157087
S_559_592,0.24242540970975912
S_559_599,0.7931790951202564
S_559_607,0.37347037508746583
S_559_612,0.8366862245528834
S_559_628,0.9822022135505358
S_559_629,0.5607660844276715
S_559_636,0.4910563067531145
S_559_637,0.8091768608334139
S_559_640,0.7008516860046449
S_559_651,0.8292552105494739
S_559_658,0.7084834682264418
S_559_663,0.49442993303381266
S_559_666,0.7714645022308719
S_559_667,0.5200819670222003
S_559_670,0.617807075569558
S_559_671,0.5531771433888926
S_559_686,0.9290677840209902
S_559_689,0.6542120155617889
S_559_694,0.8600576411954808
S_559_695,0.7921126889320547
S_559_698,0.6767188787243427
S_559_701,0.4547116161524382
S_559_702,0.8821092757228546
S_559_708,0.7415565120317867
S_559_720,0.8122653702099908
S_559_721,0.5849607395489819
S_559_722,0.871739199250803
S_559_725,0.4900250003526178
S_559_731,0.6338990549759329
S_559_737,0.33534721159466585
S_559_754,0.4400425120948998
S_559_765,0.6328315978095361
S_559_779,0.7314501438078478
S_559_780,0.835395065593623
S_559_783,0.6280743697140482
S_559_786,0.2826383110718182
S_559_790,0.6483825374910992
S_559_793,0.4419130154143113
S_559_802,0.7745071261175124
S_559_804,0.9861604416544959
S_559_810,0.5487317573804195
S_559_811,0.8441902900047972
S_559_825,0.4424194690140915
S_559_829,0.5
S_559_830,0.3216009437277334
S_559_836,0.9808579250238625
S_559_842,0.9958637170249798
S_559_845,0.7951030364635994
S_559_846,0.13606548429661464
S_559_849,0.34925540826573287
S_559_850,0.6873897362693326
S_559_853,0.6794562924938147
S_562_569,0.703112322250975
S_562_570,0.8660075277613285
S_562_577,0.5202832423143012
S_562_580,0.9518751018430142
S_562_592,0.2493191771807513
S_562_599,0.8134089953486235
S_562_607,0.3988782874536555
S_562_612,0.8612575632304231
S_562_628,0.983384379866688
S_562_629,0.5938104425996569
S_562_636,0.47884114617477724
S_562_637,0.832433158894139
S_562_640,0.7027328235108201
S_562_651,0.8452424222827365
S_562_658,0.7563851129833843
S_562_663,0.5190160381938261
S_562_666,0.7918841398469418
S_562_667,0.6378716565023483
S_562_670,0.6314745478204098
S_562_671,0.5686092608749945
S_562_686,0.9584433011336028
S_562_689,0.6885006203043529
S_562_694,0.9049428555951833
S_562_695,0.8103076837368683
S_562_698,0.7009248354532334
S_562_701,0.4859734095474118
S_562_702,0.907628733481276
S_562_708,0.7438935797712026
S_562_720,0.819249028079411
S_562_721,0.6143150351063473
S_562_722,0.8759227487109457
S_562_725,0.5134223042655478
S_562_731,0.6381181457748489
S_562_737,0.35995800126537386
S_562_754,0.455980528194908
S_562_765,0.7343720015831919
S_562_779,0.7634934067824272
S_562_780,0.8557670277470375
S_562_783,0.6369867564553046
S_562_786,0.2853757735730992
S_562_790,0.6616142427843918
S_562_793,0.46736639591768075
S_562_802,0.8162857063431233
S_562_804,0.9924326171340792
S_562_810,0.5589959075275334
S_562_811,0.8846380994521712
S_562_825,0.481797562555593
S_562_829,0.5265412006359126
S_562_830,0.3217861935545155
S_562_836,0.9866990635401933
S_562_842,0.9973860177035649
S_562_845,0.8578636822864156
S_562_846,0.15559329300559088
S_562_849,0.35393741001548007
S_562_850,0.7820209907846511
S_562_853,0.6940005229157772
S_569_570,0.5873195042627753
S_569_577,0.2841811453032961
S_569_580,0.8068021588800119
S_569_592,0.10396518312791438
S_569_599,0.547674748403088
S_569_607,0.1696938897696301
S_569_612,0.6275810651177026
S_569_628,0.9459082746358137
S_569_629,0.3348542270275461
S_569_636,0.23558552579468958
S_569_637,0.5795916266464993
S_569_640,0.41636060903228145
S_569_651,0.6400658968049401
S_569_658,0.40474060979745374
S_569_663,0.23563434861774388
S_569_666,0.5157193085553705
S_569_667,0.26070389510359976
S_569_670,0.4088803959195133
S_569_671,0.33370150616790106
S_569_686,0.8134528533064933
S_569_689,0.3889000954683281
S_569_694,0.6421642754405742
S_569_695,0.5537514537078395
S_569_698,0.41466018373656943
S_569_701,0.2240185723726779
S_569_702,0.6818515707783793
S_569_708,0.45307723740515
S_569_720,0.5997731628256848
S_569_721,0.3387517495812276
S_569_722,0.7000762697112042
S_569_725,0.24531603401467922
S_569_731,0.35080857791976605
S_569_737,0.14862209216014757
S_569_754,0.20402393620390075
S_569_765,0.35238958802188497
S_569_779,0.5
S_569_780,0.6256220162814499
S_569_783,0.3568335234038795
S_569_786,0.12344632307123582
S_569_790,0.3870513373640735
S_569_793,0.19899470229825927
S_569_802,0.5
S_569_804,0.9509089000140016
S_569_810,0.2876044764618943
S_569_811,0.61458451944024
S_569_825,0.20833479109003042
S_569_829,0.2804683814227167
S_569_830,0.14520718112457778
S_569_836,0.9378554278596389
S_569_842,0.9869647999100084
S_569_845,0.542920343633969
S_569_846,0.054547862293419326
S_569_849,0.17925989310568707
S_569_850,0.3893747529981645
S_569_853,0.39583900653488174
S_570_577,0.17298916552595886
S_570_580,0.6879696334696885
S_570_592,0.05020816084794905
S_570_599,0.34701096503666884
S_570_607,0.09476984792144641
S_570_612,0.42395894454598604
S_570_628,0.9018034009172876
S_570_629,0.19743023151054032
S_570_636,0.14359190396422747
S_570_637,0.37352552979246
S_570_640,0.2359203209782037
S_570_651,0.48143290599208904
S_570_658,0.2442554068550739
S_570_663,0.12387962203218723
S_570_666,0.3398381864373268
S_570_667,0.1448944757517543
S_570_670,0.2428322184513395
S_570_671,0.19894907393601002
S_570_686,0.652387945499732
S_570_689,0.2197174899383787
S_570_694,0.42991970719628625
S_570_695,0.3320277416122798
S_570_698,0.21971527379577455
S_570_701,0.11242542934239666
S_570_702,0.4931886885567091
S_570_708,0.27552356841509446
S_570_720,0.38483070942614245
S_570_721,0.20852717232186296
S_570_722,0.5536312249572763
S_570_725,0.15434870382120672
S_570_731,0.20940946496858281
S_570_737,0.07338557644102275
S_570_754,0.0890042917838194
S_570_765,0.1936434965290271
S_570_779,0.2885511493189183
S_570_780,0.4053059359609742
S_570_783,0.19971595977527887
S_570_786,0.05534665730772276
S_570_790,0.21036960811953628
S_570_793,0.09225991646809639
S_570_802,0.3002591198824049
S_570_804,0.8883783706748657
S_570_810,0.19170875973728316
S_570_811,0.4287412304238947
S_570_825,0.10956241148100464
S_570_829,0.16125812417298416
S_570_830,0.06434466925343627
S_570_836,0.8556332798336697
S_570_842,0.9680884981771848
S_570_845,0.3363569842817784
S_570_846,0.025776300690006013
S_570_849,0.0885382277586936
S_570_850,0.19101951946818754
S_570_853,0.23738174388207092
S_577_580,0.9092898900597844
S_577_592,0.1588096441165105
S_577_599,0.7120049566585078
S_577_607,0.274016583810854
S_577_612,0.7706838855581859
S_577_628,0.9720753583145575
S_577_629,0.45535239428761
S_577_636,0.36238258693124975
S_577_637,0.729361735287941
S_577_640,0.5797410618574794
S_577_651,0.7590655746764077
S_577_658,0.6358921925974222
S_577_663,0.38507095286352355
S_577_666,0.6868686259217426
S_577_667,0.4589080786248513
S_577_670,0.49126889792790485
S_577_671,0.4324425695935787
S_577_686,0.9171220561293774
S_577_689,0.5453849093957635
S_577_694,0.8212980362646733
S_577_695,0.70377068607085
S_577_698,0.5646175446810648
S_577_701,0.348323283707829
S_577_702,0.8426962140015098
S_577_708,0.6341641408616399
S_577_720,0.7232108298615241
S_577_721,0.4775392771225942
S_577_722,0.8109424924141964
S_577_725,0.38311786019547667
S_577_731,0.5
S_577_737,0.24106363859869728
S_577_754,0.32023488818793844
S_577_765,0.5652603482166214
S_577_779,0.6464469483248384
S_577_780,0.7641842173670169
S_577_783,0.5
S_577_786,0.1846411074702514
S_577_790,0.5194012761173363
S_577_793,0.3370021654233644
S_577_802,0.7002796271408397
S_577_804,0.983840170865622
S_577_810,0.4325771569656846
S_577_811,0.8017161064145796
S_577_825,0.342907819919884
S_577_829,0.3902413362123824
S_577_830,0.21156483305800672
S_577_836,0.974184571977595
S_577_842,0.9945824950956341
S_577_845,0.7531121767431472
S_577_846,0.09216477864031594
S_577_849,0.23989628346667838
S_577_850,0.6229894536455128
S_577_853,0.5641145661905203
S_580_592,0.01569699101960621
S_580_599,0.13588107058533666
S_580_607,0.03035037500565778
S_580_612,0.1762998519442165
S_580_628,0.7274777681961163
S_580_629,0.07499902939255895
S_580_636,0.04886418106091332
S_580_637,0.14207508605665214
S_580_640,0.08725940309725204
S_580_651,0.20975385388060483
S_580_658,0.08473694807781872
S_580_663,0.043354915621500914
S_580_666,0.12798780937521206
S_580_667,0.05149309884880455
S_580_670,0.09164636480400885
S_580_671,0.06611411936424497
S_580_686,0.3842523249967965
S_580_689,0.08206080275505095
S_580_694,0.18211553941413627
S_580_695,0.13367868054919407
S_580_698,0.07790911161838142
S_580_701,0.039972070578285224
S_580_702,0.22834402352324387
S_580_708,0.10429662357510622
S_580_720,0.147152317140897
S_580_721,0.0770739486788268
S_580_722,0.2544905017029278
S_580_725,0.05201734350361174
S_580_731,0.06895900036618317
S_580_737,0.023791321104109572
S_580_754,0.030938535434185132
S_580_765,0.0677461112654035
S_580_779,0.11143256446377273
S_580_780,0.16672126101324747
S_580_783,0.07112383797265164
S_580_786,0.01667133902466251
S_580_790,0.073856788554468
S_580_793,0.03196616533972776
S_580_802,0.11765635514232715
S_580_804,0.7245444024941642
S_580_810,0.06308693969731438
S_580_811,0.1931396748466652
S_580_825,0.035902620233928394
S_580_829,0.05850795234139086
S_580_830,0.020758711244273222
S_580_836,0.6452879506104066
S_580_842,0.9020027254450604
S_580_845,0.13374042015476367
S_580_846,0.008095238030597002
S_580_849,0.03144744404395493
S_580_850,0.07002420447985408
S_580_853,0.08296770041420316
S_592_599,0.8844110427392959
S_592_607,0.5239601041657835
S_592_612,0.9145496292062262
S_592_628,0.9905313488012344
S_592_629,0.7094865209595771
S_592_636,0.6207715282394962
S_592_637,0.9062257391282967
S_592_640,0.8213578520348218
S_592_651,0.8922023937532713
S_592_658,0.809376377020858
S_592_663,0.6447200703193999
S_592_666,0.8595633699377861
S_592_667,0.6899910201079367
S_592_670,0.791172772438113
S_592_671,0.7175931287627302
S_592_686,0.9691592135090926
S_592_689,0.8021896107767337
S_592_694,0.9273636563857443
S_592_695,0.8981206464167594
S_592_698,0.8357634437764127
S_592_701,0.6331856961836915
S_592_702,0.9357168135807373
S_592_708,0.8326461903415615
S_592_720,0.9034985030711685
S_592_721,0.7291239780831066
S_592_722,0.9305201041776014
S_592_725,0.6448742076080418
S_592_731,0.768926480487196
S_592_737,0.5283806857157617
S_592_754,0.6163445509410861
S_592_765,0.7803069333639581
S_592_779,0.8630742094087293
S_592_780,0.910433429942041
S_592_783,0.777227370823576
S_592_786,0.4696242826215807
S_592_790,0.8066724543159222
S_592_793,0.6188088743049825
S_592_802,0.8728124448168311
S_592_804,0.993891588557869
S_592_810,0.6749593520692597
S_592_811,0.9119425205938018
S_592_825,0.5881618254749204
S_592_829,0.6491477620960943
S_592_830,0.5092810679863411
S_592_836,0.9913924537952098
S_592_842,0.9999923578480038
S_592_845,0.8966413835311897
S_592_846,0.22331196599590666
S_592_849,0.546226149698287
S_592_850,0.8434631280573354
S_592_853,0.810855005811363
S_599_607,0.09363299043701742
S_599_612,0.4580364900962059
S_599_628,0.9019294260662296
S_599_629,0.19756906757079168
S_599_636,0.1403549786415967
S_599_637,0.43723664177237953
S_599_640,0.2853994583375668
S_599_651,0.45947231188321164
S_599_658,0.2589038864797039
S_599_663,0.13604820214127353
S_599_666,0.3472137924315881
S_599_667,0.147597959779027
S_599_670,0.2701308582731262
S_599_671,0.20266352727763828
S_599_686,0.6953053170419817
S_599_689,0.24619875461040153
S_599_694,0.469565895966825
S_599_695,0.4068391430887658
S_599_698,0.2943283097105143
S_599_701,0.129604404787312
S_599_702,0.516902687157381
S_599_708,0.29876591348740633
S_599_720,0.45304621278479784
S_599_721,0.21165936303509306
S_599_722,0.5613808766341041
S_599_725,0.14941949396112372
S_599_731,0.22592668901486074
S_599_737,0.08959591331160408
S_599_754,0.11866891441856645
S_599_765,0.20916624469171588
S_599_779,0.34439678729283313
S_599_780,0.46527171107433457
S_599_783,0.23394398429535715
S_599_786,0.07173294757574512
S_599_790,0.26332830785595995
S_599_793,0.11764456315853765
S_599_802,0.3538999892436652
S_599_804,0.9066514930228174
S_599_810,0.1679797444881716
S_599_811,0.44557265317991257
S_599_825,0.12082549005215089
S_599_829,0.16573582652497526
S_599_830,0.08414008833601579
S_599_836,0.8888136717980064
S_599_842,0.9754526845773177
S_599_845,0.39196629039542635
S_599_846,0.027755370586792966
S_599_849,0.10693635803629287
S_599_850,0.2520455650971833
S_599_853,0.2645275463330001
S_607_612,0.8320470237273601
S_607_628,0.9824699982316403
S_607_629,0.5946882337817101
S_607_636,0.49094934740914964
S_607_637,0.8132091362943635
S_607_640,0.6876937837215114
S_607_651,0.8408149627435191
S_607_658,0.7109454995603194
S_607_663,0.5
S_607_666,0.7701254600107162
S_607_667,0.5518785564447016
S_607_670,0.6461868805306248
S_607_671,0.5862505200249434
S_607_686,0.9440062325730088
S_607_689,0.6536518214464632
S_607_694,0.8563461281948271
S_607_695,0.7967828474840583
S_607_698,0.6888023452273555
S_607_701,0.45758420658567234
S_607_702,0.8781263443401319
S_607_708,0.7255221404419954
S_607_720,0.8142257195849137
S_607_721,0.6220155586385985
S_607_722,0.8802290540989818
S_607_725,0.5175237575784531
S_607_731,0.6145831008347847
S_607_737,0.35528838424245307
S_607_754,0.422492682180377
S_607_765,0.6455205633707565
S_607_779,0.7415245618718118
S_607_780,0.837658590274662
S_607_783,0.6345623382441401
S_607_786,0.27889857672941204
S_607_790,0.6500646644805169
S_607_793,0.4434461544664043
S_607_802,0.7785297347020678
S_607_804,0.9867483618148567
S_607_810,0.5563427002809426
S_607_811,0.8537495351337898
S_607_825,0.4673405276948844
S_607_829,0.5285303380473334
S_607_830,0.3100595922792712
S_607_836,0.9807477982608639
S_607_842,0.9959845932162159
S_607_845,0.8145344404469207
S_607_846,0.13968889197702034
S_607_849,0.3699209469647572
S_607_850,0.6913744092012086
S_607_853,0.674567369774479
S_612_628,0.8611679222585953
S_612_629,0.1547730363235635
S_612_636,0.09787824422616398
S_612_637,0.3619520520274912
S_612_640,0.21315002501170927
S_612_651,0.3754041060880389
S_612_658,0.1881153523715695
S_612_663,0.0999931179334326
S_612_666,0.2700987322974866
S_612_667,0.11006474053933783
S_612_670,0.22470320519696463
S_612_671,0.1557606694381428
S_612_686,0.6219528409795304
S_612_689,0.20323650716011005
S_612_694,0.3926449073706937
S_612_695,0.3515586479235985
S_612_698,0.23503768581193865
S_612_701,0.09900371538789261
S_612_702,0.4239945126789544
S_612_708,0.2350143635067923
S_612_720,0.36856089315879415
S_612_721,0.15797773912952856
S_612_722,0.46220395912250645
S_612_725,0.10792608079712082
S_612_731,0.17253273542501105
S_612_737,0.06544047462305798
S_612_754,0.09347191657827578
S_612_765,0.16700218975560463
S_612_779,0.28137694839538824
S_612_780,0.38241952931034706
S_612_783,0.1807790664425018
S_612_786,0.05869304986020965
S_612_790,0.20315438698543117
S_612_793,0.08766134862881665
S_612_802,0.2762009512456922
S_612_804,0.8727850866973254
S_612_810,0.12488067963931497
S_612_811,0.3620301020473668
S_612_825,0.08468786212626983
S_612_829,0.12353336244181817
S_612_830,0.06581220541293327
S_612_836,0.849076099342416
S_612_842,0.9666316956195742
S_612_845,0.31018441091270804
S_612_846,0.019640823908106828
S_612_849,0.08366549179342214
S_612_850,0.20996007693597135
S_612_853,0.20602351790177603
S_628_629,0.018359658325628653
S_628_636,0.012359374655404168
S_628_637,0.04887616339204222
S_628_640,0.026588264883923827
S_628_651,0.06123614132836049
S_628_658,0.031243244319566016
S_628_663,0.012099693076859402
S_628_666,0.03887257297651332
S_628_667,0.01355380524943569
S_628_670,0.021120908584505837
S_628_671,0.01668539892820909
S_628_686,0.15385153084351194
S_628_689,0.020275740567391492
S_628_694,0.059742404785136795
S_628_695,0.041700842416175804
S_628_698,0.025496291589286537
S_628_701,0.010035861717428053
S_628_702,0.07602039612131815
S_628_708,0.030437743730167416
S_628_720,0.051715172715620226
S_628_721,0.020177064103257206
S_628_722,0.08402703815213719
S_628_725,0.013083113097991797
S_628_731,0.01819071507352866
S_628_737,0.006551580059599779
S_628_754,0.008596605265420795
S_628_765,0.019118584056238522
S_628_779,0.03386114472488942
S_628_780,0.059778551362169835
S_628_783,0.020356223648955882
S_628_786,0.004327118459042451
S_628_790,0.020295322895387553
S_628_793,0.009423375189098944
S_628_802,0.04025477075013608
S_628_804,0.4259697278104084
S_628_810,0.014696177089976708
S_628_811,0.06317486109799038
S_628_825,0.010627974429862156
S_628_829,0.015642463281907198
S_628_830,0.005206559240950169
S_628_836,0.36746405244676
S_628_842,0.7164639953140498
S_628_845,0.05192570769091169
S_628_846,0.0020591540181946195
S_628_849,0.0072425314543940345
S_628_850,0.021342404424958602
S_628_853,0.023654533218784565
S_629_636,0.3311291281310355
S_629_637,0.6750881849501517
S_629_640,0.5305120691603838
S_629_651,0.706234786460361
S_629_658,0.5751642311235186
S_629_663,0.32106561202566597
S_629_666,0.6177865434476347
S_629_667,0.399559964254406
S_629_670,0.4379156308521215
S_629_671,0.38067183206236765
S_629_686,0.8986948595473738
S_629_689,0.4809175066005976
S_629_694,0.769444740501939
S_629_695,0.6311907294080072
S_629_698,0.5102851704983391
S_629_701,0.28286645122694015
S_629_702,0.8040572389992008
S_629_708,0.5548633911635797
S_629_720,0.6714483208442
S_629_721,0.4347157534133319
S_629_722,0.7847345738676574
S_629_725,0.3524687646866857
S_629_731,0.44460188241778476
S_629_737,0.20487474836019776
S_629_754,0.24909108176727532
S_629_765,0.48307911557664124
S_629_779,0.5659414522620182
S_629_780,0.7080111132983382
S_629_783,0.4518197499162611
S_629_786,0.14235351225376217
S_629_790,0.47178928185373464
S_629_793,0.2672826215394233
S_629_802,0.6451808854681363
S_629_804,0.9787343770226964
S_629_810,0.380796323634795
S_629_811,0.7591654683719605
S_629_825,0.29172738579344176
S_629_829,0.338477160023065
S_629_830,0.16679743881179682
S_629_836,0.9663569128751871
S_629_842,0.9932161983815535
S_629_845,0.700242416272992
S_629_846,0.07303207907180238
S_629_849,0.20198837067581582
S_629_850,0.543722750907713
S_629_853,0.5078734100479193
S_636_637,0.7277882866208252
S_636_640,0.5813360296462039
S_636_651,0.7806874356318534
S_636_658,0.6381005951142904
S_636_663,0.39536746972201176
S_636_666,0.6858001378954439
S_636_667,0.42431118633974374
S_636_670,0.4935455927358889
S_636_671,0.45781680400672287
S_636_686,0.9114015624842511
S_636_689,0.5
S_636_694,0.7797381598192116
S_636_695,0.6982433887011071
S_636_698,0.5696768306112434
S_636_701,0.33973379597306635
S_636_702,0.8220207357172821
S_636_708,0.6287812676550117
S_636_720,0.7387252590723993
S_636_721,0.516384068859685
S_636_722,0.8362273233532882
S_636_725,0.41433743313561483
S_636_731,0.49397632190399504
S_636_737,0.2582989101141555
S_636_754,0.3015600448522109
S_636_765,0.5103643868490789
S_636_779,0.6327542355566116
S_636_780,0.7664748511665275
S_636_783,0.5126601093471879
S_636_786,0.18151232464493208
S_636_790,0.5114363381536539
S_636_793,0.34810660646602454
S_636_802,0.6861509694385919
S_636_804,0.9776596685258696
S_636_810,0.4509132572018181
S_636_811,0.7887082506892096
S_636_825,0.37070545102724123
S_636_829,0.4245937072563982
S_636_830,0.19782455563175608
S_636_836,0.9698983335185029
S_636_842,0.9924481535528318
S_636_845,0.7492237973290186
S_636_846,0.09326613808893025
S_636_849,0.250435438899824
S_636_850,0.5312177854359692
S_636_853,0.5558269216466718
S_637_640,0.2657939887306783
S_637_651,0.4354106236159288
S_637_658,0.2351589495835098
S_637_663,0.1274615072180136
S_637_666,0.3342600184219214
S_637_667,0.12841669793526725
S_637_670,0.2550821598426512
S_637_671,0.18179285564235548
S_637_686,0.6479671622803955
S_637_689,0.24440102663645522
S_637_694,0.44408176732192095
S_637_695,0.37692084857583225
S_637_698,0.2597058837044948
S_637_701,0.12127974335933157
S_637_702,0.5073555951957505
S_637_708,0.28830643998260014
S_637_720,0.4208135579671699
S_637_721,0.18644031785598472
S_637_722,0.5142966931691082
S_637_725,0.12916507224455023
S_637_731,0.20775584121680288
S_637_737,0.07517224191817183
S_637_754,0.11849072036057928
S_637_765,0.18734105791886846
S_637_779,0.33744060810925736
S_637_780,0.44206095744639146
S_637_783,0.21614363026586206
S_637_786,0.0659368524384979
S_637_790,0.23543319900087825
S_637_793,0.10629002984523162
S_637_802,0.31581881130854184
S_637_804,0.8977287535628413
S_637_810,0.15682133722280597
S_637_811,0.4182640819322848
S_637_825,0.10470212571441027
S_637_829,0.1497938953350023
S_637_830,0.08074465056733351
S_637_836,0.8815151297457312
S_637_842,0.9730910587357742
S_637_845,0.34831920042385167
S_637_846,0.0258332280868223
S_637_849,0.09869370374555654
S_637_850,0.22907567293460127
S_637_853,0.24012291044166953
S_640_651,0.6002651703153997
S_640_658,0.38490416063016225
S_640_663,0.21311165142889746
S_640_666,0.48371919112427025
S_640_667,0.207283479899839
S_640_670,0.35699496116358
S_640_671,0.2879265377983735
S_640_686,0.7711755320550393
S_640_689,0.330526149443059
S_640_694,0.5884714147739475
S_640_695,0.5271387312974954
S_640_698,0.394550439757988
S_640_701,0.1939139534863035
S_640_702,0.6408775673723953
S_640_708,0.42827967908246284
S_640_720,0.5775770698398832
S_640_721,0.30311434009730615
S_640_722,0.682854691359262
S_640_725,0.22498304682282969
S_640_731,0.33053395461967555
S_640_737,0.13645847852246892
S_640_754,0.1817783242768727
S_640_765,0.2966101406692309
S_640_779,0.4606267733082867
S_640_780,0.5965194402071461
S_640_783,0.33092582914525515
S_640_786,0.10905021300329237
S_640_790,0.3403904808653284
S_640_793,0.18727050306251072
S_640_802,0.46198134207947866
S_640_804,0.9357052141851737
S_640_810,0.2623321663759815
S_640_811,0.568055095374099
S_640_825,0.1859194342571542
S_640_829,0.2515428246694135
S_640_830,0.12512230576572508
S_640_836,0.9298239528477219
S_640_842,0.9822938315714304
S_640_845,0.5220037151464636
S_640_846,0.0448172290237689
S_640_849,0.1526676902199709
S_640_850,0.32037052197410487
S_640_853,0.37058572703233283
S_651_658,0.25935066221575204
S_651_663,0.12273434368110157
S_651_666,0.3057697109170686
S_651_667,0.1461036507735708
S_651_670,0.18608164981182126
S_651_671,0.1508490780320554
S_651_686,0.7166727940818655
S_651_689,0.20724908753807184
S_651_694,0.43155307828090667
S_651_695,0.3386973119194055
S_651_698,0.22992361903764605
S_651_701,0.09840834947070404
S_651_702,0.5157660168436285
S_651_708,0.2601062803248789
S_651_720,0.3580821794779728
S_651_721,0.18661955527396928
S_651_722,0.5079581771534178
S_651_725,0.13394142978658446
S_651_731,0.17042302810048057
S_651_737,0.0703419735271618
S_651_754,0.08125595714078487
S_651_765,0.17712551884023486
S_651_779,0.2672661743514494
S_651_780,0.390674188114484
S_651_783,0.197314130009277
S_651_786,0.04541992190223605
S_651_790,0.1995929786170871
S_651_793,0.09503734097605832
S_651_802,0.3307478795236835
S_651_804,0.9200268598754796
S_651_810,0.14535761672470726
S_651_811,0.46545335400989923
S_651_825,0.10114925888599287
S_651_829,0.12281097926483994
S_651_830,0.0533912337492033
S_651_836,0.8762878612860795
S_651_842,0.9738963374228469
S_651_845,0.38208617176168136
S_651_846,0.02010424834022116
S_651_849,0.06973524399771208
S_651_850,0.2350378992437766
S_651_853,0.22495400359668247
S_658_663,0.2401352781586279
S_658_666,0.512658394181581
S_658_667,0.22470107022093386
S_658_670,0.4152521719377858
S_658_671,0.3479135912632295
S_658_686,0.7903490955305787
S_658_689,0.3595012105968564
S_658_694,0.5449668219123572
S_658_695,0.5328741186579841
S_658_698,0.39356356076820864
S_658_701,0.2094832070767297
S_658_702,0.650277881666243
S_658_708,0.45196626652428873
S_658_720,0.584333273083208
S_658_721,0.38450771705907594
S_658_722,0.7406590557884792
S_658_725,0.2878568061082866
S_658_731,0.3484598754500374
S_658_737,0.15563588907375037
S_658_754,0.1708521985620786
S_658_765,0.27414283659602534
S_658_779,0.4609352728452664
S_658_780,0.5875343810666811
S_658_783,0.368585801206806
S_658_786,0.10933449165411482
S_658_790,0.3667966517916249
S_658_793,0.19433324819962586
S_658_802,0.46078694903179734
S_658_804,0.9308187485017808
S_658_810,0.33727035393704785
S_658_811,0.5980932663237885
S_658_825,0.20981683047237518
S_658_829,0.29332732567959835
S_658_830,0.12349806908436214
S_658_836,0.9194364281207482
S_658_842,0.9805248364513444
S_658_845,0.5
S_658_846,0.05110648259002849
S_658_849,0.1847106659896664
S_658_850,0.277747504439647
S_658_853,0.3960186384714759
S_663_666,0.6776525540294428
S_663_667,0.409260761466411
S_663_670,0.5421078305838121
S_663_671,0.48646412536161227
S_663_686,0.8982558021026145
S_663_689,0.5311645791734144
S_663_694,0.7642004675459243
S_663_695,0.6968600146895807
S_663_698,0.5784026346674999
S_663_701,0.3435300590046898
S_663_702,0.8094906822225053
S_663_708,0.6248426725617149
S_663_720,0.7454758862280845
S_663_721,0.5141468932970253
S_663_722,0.8356290598027103
S_663_725,0.41627259933325234
S_663_731,0.5117163584910859
S_663_737,0.2564707556272149
S_663_754,0.3105469800406948
S_663_765,0.4923626351833656
S_663_779,0.6395095346618199
S_663_780,0.7603700490988728
S_663_783,0.5244028286824896
S_663_786,0.19871666122520673
S_663_790,0.546233201574178
S_663_793,0.3307564030420596
S_663_802,0.6705061910300593
S_663_804,0.9736436664676043
S_663_810,0.45855191095695264
S_663_811,0.7674933362348569
S_663_825,0.36136257555081797
S_663_829,0.4247168658019438
S_663_830,0.22480879005883786
S_663_836,0.9663713664029299
S_663_842,0.9926460580567387
S_663_845,0.7065195643878439
S_663_846,0.09374978368038941
S_663_849,0.27722102972990426
S_663_850,0.5332582674842851
S_663_853,0.5679615946865397
S_666_667,0.17763164088562797
S_666_670,0.28357973066778325
S_666_671,0.22851194226938865
S_666_686,0.7515334713496716
S_666_689,0.268307964253301
S_666_694,0.5
S_666_695,0.42577311642019877
S_666_698,0.3184094868408573
S_666_701,0.14122630907492703
S_666_702,0.5658761749921073
S_666_708,0.33664459875186487
S_666_720,0.4791514006207679
S_666_721,0.2567633664539466
S_666_722,0.6137834310340747
S_666_725,0.1846671274545049
S_666_731,0.24111819533530574
S_666_737,0.10159725835143195
S_666_754,0.12578878172289054
S_666_765,0.22788418024647153
S_666_779,0.3638180352733682
S_666_780,0.5
S_666_783,0.2661959020351407
S_666_786,0.07292378048506391
S_666_790,0.28175034289698514
S_666_793,0.13317657330763785
S_666_802,0.3983592886293652
S_666_804,0.922884774236002
S_666_810,0.19970608071849702
S_666_811,0.513586738421083
S_666_825,0.14968685540934518
S_666_829,0.19222706287124075
S_666_830,0.08532038405091728
S_666_836,0.9025735285481028
S_666_842,0.9782559682379235
S_666_845,0.4426437101980787
S_666_846,0.032166089283337286
S_666_849,0.11567005661924136
S_666_850,0.2747505802330412
S_666_853,0.29242584584125336
S_667_670,0.5993276685704667
S_667_671,0.5
S_667_686,0.8908955879751589
S_667_689,0.54908582133518
S_667_694,0.7254904376190685
S_667_695,0.688003251614615
S_667_698,0.5528296022766913
S_667_701,0.339217475855667
S_667_702,0.7747394865155998
S_667_708,0.6050640168645703
S_667_720,0.7122038299038672
S_667_721,0.5348228487771307
S_667_722,0.8234121937109857
S_667_725,0.42567097230828804
S_667_731,0.5
S_667_737,0.239562813986973
S_667_754,0.291348834897434
S_667_765,0.4752273437336016
S_667_779,0.6371722061088266
S_667_780,0.7363720561448028
S_667_783,0.5140015197132983
S_667_786,0.1909018420435766
S_667_790,0.5124355073011166
S_667_793,0.29327528794976193
S_667_802,0.6304037884208052
S_667_804,0.967404255413285
S_667_810,0.4852993530512017
S_667_811,0.7476770485024382
S_667_825,0.33538392614433826
S_667_829,0.44254026240332794
S_667_830,0.22238257160090835
S_667_836,0.9592969690805206
S_667_842,0.9912934666763956
S_667_845,0.6681677094585924
S_667_846,0.09051044618161631
S_667_849,0.3062290929673795
S_667_850,0.49408766187736464
S_667_853,0.5518295396378906
S_670_671,0.3098519157593896
S_670_686,0.8666415530412612
S_670_689,0.4450842977134035
S_670_694,0.7736039723143039
S_670_695,0.6185362191673258
S_670_698,0.4736179966129156
S_670_701,0.25495372656587173
S_670_702,0.7642866409441722
S_670_708,0.5093476949063981
S_670_720,0.6341663350678534
S_670_721,0.3220309000526533
S_670_722,0.6961861534705145
S_670_725,0.2445120281635212
S_670_731,0.399870642258942
S_670_737,0.1631976040328823
S_670_754,0.2542873506637273
S_670_765,0.4866334782074665
S_670_779,0.5447516223406295
S_670_780,0.6808878757769787
S_670_783,0.381512396780862
S_670_786,0.1422169271559206
S_670_790,0.43120756461421916
S_670_793,0.2381345848752991
S_670_802,0.6050612656362327
S_670_804,0.9761007769252075
S_670_810,0.2826453321086872
S_670_811,0.6968709814236492
S_670_825,0.22874885673530088
S_670_829,0.26496052808054277
S_670_830,0.16813820696644213
S_670_836,0.962733542524007
S_670_842,0.9927873327878393
S_670_845,0.6543767162480799
S_670_846,0.061910565122560754
S_670_849,0.16714044100753458
S_670_850,0.5738302048573519
S_670_853,0.45119167477709843
S_671_686,0.8984466215087167
S_671_689,0.5
S_671_694,0.7776416922208012
S_671_695,0.665090461770034
S_671_698,0.5326198963464178
S_671_701,0.2939834736363603
S_671_702,0.8035286880402437
S_671_708,0.5831220004627018
S_671_720,0.6882423862885516
S_671_721,0.42700580694787527
S_671_722,0.7726061096006318
S_671_725,0.33722071936140785
S_671_731,0.4477467919965676
S_671_737,0.20466713471440887
S_671_754,0.28378966286649715
S_671_765,0.49494184400616703
S_671_779,0.590484764828578
S_671_780,0.7293317709599852
S_671_783,0.4634568746009044
S_671_786,0.16148489801683716
S_671_790,0.4854742158409366
S_671_793,0.28836099360232365
S_671_802,0.6580405070893122
S_671_804,0.9788819329395734
S_671_810,0.3756486852904065
S_671_811,0.760529765571828
S_671_825,0.30284205552596916
S_671_829,0.3342847114686347
S_671_830,0.18590355986264262
S_671_836,0.967975001624284
S_671_842,0.9933063347014123
S_671_845,0.7017942250269219
S_671_846,0.07367250738064178
S_671_849,0.20853944913419004
S_671_850,0.5840658704816704
S_671_853,0.5180890632470102
S_686_689,0.1010452784442295
S_686_694,0.21035619631860028
S_686_695,0.1582330268758681
S_686_698,0.09201506300739228
S_686_701,0.04993855705563217
S_686_702,0.2558576942115478
S_686_708,0.13816197607464278
S_686_720,0.19029130413106446
S_686_721,0.09724991588412128
S_686_722,0.3137327695456225
S_686_725,0.06605320612452653
S_686_731,0.09614768603522797
S_686_737,0.028387679635147108
S_686_754,0.04047845639841557
S_686_765,0.08380507367457711
S_686_779,0.14024516700693668
S_686_780,0.209970257668241
S_686_783,0.08780836182569475
S_686_786,0.022564056303898534
S_686_790,0.09160809879100625
S_686_793,0.038720276959021874
S_686_802,0.13456554570533977
S_686_804,0.7198718360068045
S_686_810,0.09309526441736567
S_686_811,0.21685422221106138
S_686_825,0.04910024299110001
S_686_829,0.07593635593079848
S_686_830,0.02923244282302214
S_686_836,0.6692968715567496
S_686_842,0.9078790091430019
S_686_845,0.1438389689357443
S_686_846,0.01069723644781092
S_686_849,0.04044469800865838
S_686_850,0.07816567196497361
S_686_853,0.10835231485183272
S_689_694,0.6637795087268686
S_689_695,0.5661807469435814
S_689_698,0.42374949439161
S_689_701,0.21734100204851284
S_689_702,0.6598117381792737
S_689_708,0.43949769855239956
S_689_720,0.5922902470542639
S_689_721,0.3075178794965793
S_689_722,0.6727453230831619
S_689_725,0.2252169904242146
S_689_731,0.34938022539295316
S_689_737,0.14298180828279247
S_689_754,0.2106691158736276
S_689_765,0.3851039943129267
S_689_779,0.4945992587468939
S_689_780,0.6254691582187244
S_689_783,0.3409449330417798
S_689_786,0.13036031791216235
S_689_790,0.3838576516086433
S_689_793,0.19220456458642593
S_689_802,0.506515708202496
S_689_804,0.9513008027998994
S_689_810,0.26278371983918614
S_689_811,0.5975860311727875
S_689_825,0.20058544621091146
S_689_829,0.260614033968346
S_689_830,0.15036754184653703
S_689_836,0.9373549036888367
S_689_842,0.9873153590524144
S_689_845,0.5466430017251653
S_689_846,0.05156946521208422
S_689_849,0.171371419564631
S_689_850,0.43717509920304704
S_689_853,0.38963620882394584
S_694_695,0.4015541549352517
S_694_698,0.27852864183996806
S_694_701,0.12862222156722028
S_694_702,0.4526020484783691
S_694_708,0.2778427991991464
S_694_720,0.42284937999216393
S_694_721,0.22471480810670014
S_694_722,0.5523868910857739
S_694_725,0.15408082969750525
S_694_731,0.21572958920998445
S_694_737,0.08608352079309377
S_694_754,0.11203027575546545
S_694_765,0.1740152957496786
S_694_779,0.35052500717104873
S_694_780,0.4235005787349188
S_694_783,0.23556658896159147
S_694_786,0.07301061275391448
S_694_790,0.24687842619033834
S_694_793,0.10337486422811165
S_694_802,0.29195261098151837
S_694_804,0.865622111724405
S_694_810,0.18109360978738104
S_694_811,0.3940294131992406
S_694_825,0.10226362498129614
S_694_829,0.17786130460232197
S_694_830,0.08796483017635208
S_694_836,0.8552781668957313
S_694_842,0.9690267803643139
S_694_845,0.32208806808784046
S_694_846,0.026128681959285475
S_694_849,0.13140552060280614
S_694_850,0.20176972706428803
S_694_853,0.2518008008629909
S_695_698,0.2796503776463145
S_695_701,0.1305359475769916
S_695_702,0.5267406468148119
S_695_708,0.3019692359128548
S_695_720,0.44739546253196144
S_695_721,0.1883318522702763
S_695_722,0.5310391076551397
S_695_725,0.1356593514588212
S_695_731,0.23093864343940565
S_695_737,0.08048591468879324
S_695_754,0.13056142713945915
S_695_765,0.22245618211028137
S_695_779,0.3463670048613721
S_695_780,0.4703652076656937
S_695_783,0.22286379856829291
S_695_786,0.0742498144849989
S_695_790,0.26049209337502743
S_695_793,0.11050255905828187
S_695_802,0.34939895336240046
S_695_804,0.9064248336176268
S_695_810,0.16303097563737798
S_695_811,0.43251860121743213
S_695_825,0.1167643148494533
S_695_829,0.15924618263208923
S_695_830,0.09165153552785368
S_695_836,0.8907034216784361
S_695_842,0.9770963279788932
S_695_845,0.36445749698685526
S_695_846,0.02908615883062058
S_695_849,0.10191681111668557
S_695_850,0.26840807124089283
S_695_853,0.2586241765917546
S_698_701,0.21111236892868962
S_698_702,0.668198482888886
S_698_708,0.447315804481112
S_698_720,0.5800799353526153
S_698_721,0.2774782485938114
S_698_722,0.6569093479415474
S_698_725,0.20273088230768677
S_698_731,0.3496572494746543
S_698_737,0.12976205886741143
S_698_754,0.2090628511633174
S_698_765,0.3318273705255033
S_698_779,0.48716741465363395
S_698_780,0.6035920362613344
S_698_783,0.33126585975214906
S_698_786,0.12249835185994765
S_698_790,0.37072786887705617
S_698_793,0.18702031336865127
S_698_802,0.4684537069647781
S_698_804,0.9444264621015782
S_698_810,0.2552261869044282
S_698_811,0.5682882094122532
S_698_825,0.1764022797040939
S_698_829,0.24089716864249236
S_698_830,0.14921346132273416
S_698_836,0.9326394308187408
S_698_842,0.9857754705110648
S_698_845,0.4935662575605437
S_698_846,0.048887126691171755
S_698_849,0.1585643279791945
S_698_850,0.3774902211835024
S_698_853,0.37955232925410115
S_701_702,0.8310834569626933
S_701_708,0.6478103905570683
S_701_720,0.7703593618786967
S_701_721,0.5217248195421611
S_701_722,0.8405109711119195
S_701_725,0.42712979104593407
S_701_731,0.5581056705022618
S_701_737,0.28653835111130127
S_701_754,0.3663699308809852
S_701_765,0.554649160150738
S_701_779,0.6830849731016614
S_701_780,0.7859374423445017
S_701_783,0.5596262532834693
S_701_786,0.2388236480360838
S_701_790,0.5851486387373517
S_701_793,0.3610800187235468
S_701_802,0.7028760141592049
S_701_804,0.9792387575223435
S_701_810,0.4674049299965422
S_701_811,0.7846271756998471
S_701_825,0.35915438927254906
S_701_829,0.44151125698316074
S_701_830,0.2709869552142814
S_701_836,0.974119473753651
S_701_842,0.9945438353268168
S_701_845,0.7449299039887564
S_701_846,0.1038766672171819
S_701_849,0.3180233503498335
S_701_850,0.6100278224755865
S_701_853,0.6082508774631625
S_702_708,0.23296419687650075
S_702_720,0.3618577765712169
S_702_721,0.18700195173406112
S_702_722,0.5
S_702_725,0.1289257875878313
S_702_731,0.17255215445735317
S_702_737,0.06630107388808842
S_702_754,0.08014211230909966
S_702_765,0.14495158828382157
S_702_779,0.25609193055452917
S_702_780,0.3749415294488443
S_702_783,0.1774168145210341
S_702_786,0.051886856416553044
S_702_790,0.18261619027555973
S_702_793,0.08336156699150174
S_702_802,0.2571620221994891
S_702_804,0.8289245032118082
S_702_810,0.14955521927552118
S_702_811,0.3504318557791609
S_702_825,0.09564543770047061
S_702_829,0.14807603409047385
S_702_830,0.06034527446524748
S_702_836,0.8204329546094621
S_702_842,0.9516063389396974
S_702_845,0.2959911024148041
S_702_846,0.020743787834650574
S_702_849,0.0857349565238668
S_702_850,0.1457099273158386
S_702_853,0.20027724344170694
S_708_720,0.554436796228045
S_708_721,0.29382662639115115
S_708_722,0.6689872169184706
S_708_725,0.21627416003102737
S_708_731,0.2893879243227924
S_708_737,0.12858601413917053
S_708_754,0.16075209914021177
S_708_765,0.27443221009572727
S_708_779,0.43060554369783627
S_708_780,0.5658786969223565
S_708_783,0.31411413925433906
S_708_786,0.09732157621579875
S_708_790,0.34101849101012355
S_708_793,0.16565008004031118
S_708_802,0.4506033186545175
S_708_804,0.9361398480532709
S_708_810,0.2346533554829735
S_708_811,0.55998290786963
S_708_825,0.18053255084226155
S_708_829,0.23188923112271917
S_708_830,0.1106248619084306
S_708_836,0.922869989917666
S_708_842,0.9830746552845894
S_708_845,0.5
S_708_846,0.04120527556405197
S_708_849,0.14530779120985576
S_708_850,0.32284826153650337
S_708_853,0.3442761502992277
S_720_721,0.1593857691173378
S_720_722,0.47758774041837165
S_720_725,0.11209222127512714
S_720_731,0.1882675070610806
S_720_737,0.06762178628469451
S_720_754,0.10191826848791768
S_720_765,0.17037956789556585
S_720_779,0.2935365979802022
S_720_780,0.407581274716821
S_720_783,0.19296334365242415
S_720_786,0.05839961833512888
S_720_790,0.21115115964517367
S_720_793,0.09917113926355035
S_720_802,0.3018005286046119
S_720_804,0.8919805346979217
S_720_810,0.13387480584175787
S_720_811,0.3980977167738689
S_720_825,0.09263013170155235
S_720_829,0.12352601212548804
S_720_830,0.06847832893912749
S_720_836,0.868986516949825
S_720_842,0.9698742106375322
S_720_845,0.3341836572392173
S_720_846,0.02089560125495021
S_720_849,0.07689945890601971
S_720_850,0.21892201296817346
S_720_853,0.2254019539094205
S_721_722,0.7469942267086944
S_721_725,0.2967511321849343
S_721_731,0.3826469934497589
S_721_737,0.1652811054424041
S_721_754,0.2050601312101078
S_721_765,0.41382189584164425
S_721_779,0.5088061518282805
S_721_780,0.6557299078183692
S_721_783,0.38543839300388816
S_721_786,0.11278673260314119
S_721_790,0.39337491152459353
S_721_793,0.23013923373922884
S_721_802,0.5756095641259896
S_721_804,0.9689409153819011
S_721_810,0.34337404187578113
S_721_811,0.7093564041345868
S_721_825,0.2519367318857109
S_721_829,0.3057583101769463
S_721_830,0.1326957823965269
S_721_836,0.9524982910914233
S_721_842,0.9894723158363259
S_721_845,0.6370775277374061
S_721_846,0.06105796196720004
S_721_849,0.1634443699262722
S_721_850,0.43639952846261715
S_721_853,0.4403493380627908
S_722_725,0.08112968985576104
S_722_731,0.1163077629253768
S_722_737,0.04355684283702332
S_722_754,0.05858822852074031
S_722_765,0.11767182137342401
S_722_779,0.18209323922159998
S_722_780,0.29171193210114327
S_722_783,0.12158237285772966
S_722_786,0.028796124094767655
S_722_790,0.12105522611381142
S_722_793,0.06312671925296044
S_722_802,0.22097050159509352
S_722_804,0.8515712678413156
S_722_810,0.09576416257806732
S_722_811,0.33143932079111044
S_722_825,0.06649021306714323
S_722_829,0.08851303250939459
S_722_830,0.03424292071390127
S_722_836,0.8043971828319118
S_722_842,0.9465439459317986
S_722_845,0.26298566144274965
S_722_846,0.013981268155435751
S_722_849,0.0444009872939599
S_722_850,0.1288014550024802
S_722_853,0.14307248011944007
S_725_731,0.47089846650286954
S_725_737,0.23229943342726744
S_725_754,0.2849846453319979
S_725_765,0.5
S_725_779,0.6148443993718885
S_725_780,0.7415530220663961
S_725_783,0.4847656385059459
S_725_786,0.1637647445205246
S_725_790,0.49102172385365456
S_725_793,0.3164994607129027
S_725_802,0.6675068060944399
S_725_804,0.9776630690700394
S_725_810,0.43038733092793435
S_725_811,0.7813882292700751
S_725_825,0.34080699373674056
S_725_829,0.41059820456155216
S_725_830,0.18844336729465713
S_725_836,0.9663308827494641
S_725_842,0.9924499709823514
S_725_845,0.7182349610068701
S_725_846,0.09138337125198574
S_725_849,0.2361759310384061
S_725_850,0.5218586645723832
S_725_853,0.5324840009554352
S_731_737,0.18598927305505938
S_731_754,0.24915459344327487
S_731_765,0.39459944878824404
S_731_779,0.5662537977621369
S_731_780,0.674970841934294
S_731_783,0.41585007333338553
S_731_786,0.14867579874578962
S_731_790,0.43829861156441496
S_731_793,0.24867167164810902
S_731_802,0.5718888355910271
S_731_804,0.9638577759245058
S_731_810,0.2998835351874998
S_731_811,0.6725795134383545
S_731_825,0.236880221533377
S_731_829,0.317791791816304
S_731_830,0.17149215662426714
S_731_836,0.9550039757419067
S_731_842,0.9904114633627978
S_731_845,0.6297348878191783
S_731_846,0.061646998161987515
S_731_849,0.21318909431634278
S_731_850,0.45807560672846376
S_731_853,0.4453655867108463
S_737_754,0.5
S_737_765,0.6715607867907888
S_737_779,0.7819278577741174
S_737_780,0.8629455608429693
S_737_783,0.672964408718277
S_737_786,0.3344085285418024
S_737_790,0.6882858865657168
S_737_793,0.48829070198329494
S_737_802,0.7991785493181777
S_737_804,0.9872147590701887
S_737_810,0.607109995519029
S_737_811,0.8622905927371991
S_737_825,0.4904694500338987
S_737_829,0.5821099409399508
S_737_830,0.3795317119350105
S_737_836,0.9841323555605521
S_737_842,0.9964304687328778
S_737_845,0.8239632842004476
S_737_846,0.17245998789815187
S_737_849,0.4229631431614598
S_737_850,0.6981757589156286
S_737_853,0.71599963777152
S_754_765,0.5352167232484415
S_754_779,0.6999844220635695
S_754_780,0.7870018045069942
S_754_783,0.5673332525454414
S_754_786,0.2697523500935721
S_754_790,0.6183966466308136
S_754_793,0.361635100376695
S_754_802,0.6942122072275984
S_754_804,0.9769948218894791
S_754_810,0.4426027232865247
S_754_811,0.7598628106919559
S_754_825,0.3436763692049786
S_754_829,0.41952784481901634
S_754_830,0.3047515784531578
S_754_836,0.9725018491018876
S_754_842,0.9948614384544305
S_754_845,0.7189212208690635
S_754_846,0.09717212380668987
S_754_849,0.3383865946185731
S_754_850,0.6308478945161573
S_754_853,0.6153725286281342
S_765_779,0.5822668350341177
S_765_780,0.6587157367634349
S_765_783,0.44622788711211775
S_765_786,0.16180246582147403
S_765_790,0.46402882826957415
S_765_793,0.22841529199824767
S_765_802,0.5385208639315118
S_765_804,0.9565406677168262
S_765_810,0.37025867646353094
S_765_811,0.6593536794174707
S_765_825,0.23039214409552736
S_765_829,0.3494974182499122
S_765_830,0.1938218961659896
S_765_836,0.9457370815989496
S_765_842,0.9901279566148926
S_765_845,0.5755786889355425
S_765_846,0.06446272287882286
S_765_849,0.2694070968229165
S_765_850,0.44433259559226645
S_765_853,0.4731784078250714
S_779_780,0.5253646954091924
S_779_783,0.26637557000405654
S_779_786,0.08941709797008539
S_779_790,0.3092325052716332
S_779_793,0.13890874036356568
S_779_802,0.4129549731663943
S_779_804,0.9320437037396535
S_779_810,0.19736701929270378
S_779_811,0.5
S_779_825,0.1421853099242347
S_779_829,0.17902783757694712
S_779_830,0.10672892820263964
S_779_836,0.9160571351384561
S_779_842,0.9821417140939588
S_779_845,0.4458867045406865
S_779_846,0.03362080004281926
S_779_849,0.11886594462492836
S_779_850,0.3405935278803649
S_779_853,0.3169218838537877
S_780_783,0.19027949896404756
S_780_786,0.05540574884817922
S_780_790,0.20939870742540398
S_780_793,0.09164217121234533
S_780_802,0.27947968825989405
S_780_804,0.8797973098073317
S_780_810,0.13743588017501335
S_780_811,0.3822555273067315
S_780_825,0.08821834341954186
S_780_829,0.12286731802080343
S_780_830,0.06464190139288285
S_780_836,0.8539105670791847
S_780_842,0.9679331308599898
S_780_845,0.3071500085737115
S_780_846,0.01982937710316882
S_780_849,0.0792148527988367
S_780_850,0.19933839194513442
S_780_853,0.2190280510157429
S_783_786,0.1390120910179554
S_783_790,0.4161688545968888
S_783_793,0.23302165099090036
S_783_802,0.5570018044643401
S_783_804,0.9599202440112542
S_783_810,0.3158668469214867
S_783_811,0.6582083619688291
S_783_825,0.24340728303751974
S_783_829,0.30238899251414403
S_783_830,0.16051879252887272
S_783_836,0.9495338074684446
S_783_842,0.9885716334414242
S_783_845,0.6000743009763642
S_783_846,0.06078044901592763
S_783_849,0.18253387630105458
S_783_850,0.4338974127578971
S_783_853,0.4367686093291366
S_786_790,0.7272473688469501
S_786_793,0.5
S_786_802,0.8070770713680341
S_786_804,0.9885068841815683
S_786_810,0.5573414654203017
S_786_811,0.8545669181042593
S_786_825,0.4667762287243097
S_786_829,0.5417377175629258
S_786_830,0.4329661360026846
S_786_836,0.9855753392005623
S_786_842,0.9973147547908073
S_786_845,0.8232469562790328
S_786_846,0.1595694774518731
S_786_849,0.4448469219202963
S_786_850,0.77235941942723
S_786_853,0.7286056672704901
S_790_793,0.2114829097692879
S_790_802,0.5138532874580966
S_790_804,0.9524865765267462
S_790_810,0.2785216330609461
S_790_811,0.6160181473328415
S_790_825,0.20567228073180813
S_790_829,0.26690112923364834
S_790_830,0.1590486283993608
S_790_836,0.9450298377919091
S_790_842,0.9874954024663017
S_790_845,0.5610340101359795
S_790_846,0.052318771723798035
S_790_849,0.17401834666233784
S_790_850,0.42684109883614785
S_790_853,0.41059823732827944
S_793_802,0.7187922047413904
S_793_804,0.9776982123877435
S_793_810,0.5132515183875325
S_793_811,0.794670501218395
S_793_825,0.4008382393218401
S_793_829,0.4911466758780931
S_793_830,0.3007329118431419
S_793_836,0.974442254081646
S_793_842,0.9944602097160865
S_793_845,0.7458073643739448
S_793_846,0.1200763389549099
S_793_849,0.3558847132296076
S_793_850,0.5891502910868021
S_793_853,0.6399193289310974
S_802_804,0.9136895993231584
S_802_810,0.2521944216139039
S_802_811,0.5103689836600394
S_802_825,0.15402993000364953
S_802_829,0.22629211857076592
S_802_830,0.10822315202576084
S_802_836,0.9010829720145564
S_802_842,0.9776351193246979
S_802_845,0.42140804606970017
S_802_846,0.038062175892561625
S_802_849,0.14516929900581382
S_802_850,0.2594360255107807
S_802_853,0.3281436734738604
S_804_810,0.035612445831328846
S_804_811,0.07459631632533091
S_804_825,0.01782850751883512
S_804_829,0.03634740497128421
S_804_830,0.012586486025879076
S_804_836,0.3938493544786764
S_804_842,0.7487060778947432
S_804_845,0.056441883427334215
S_804_846,0.003979027776585292
S_804_849,0.0206282679568045
S_804_850,0.02529485273550513
S_804_853,0.043112505259387736
S_810_811,0.7764535458337438
S_810_825,0.3314053087426375
S_810_829,0.39080475878382265
S_810_830,0.1753514867092337
S_810_836,0.965639348749381
S_810_842,0.9928483337000619
S_810_845,0.7231719794143673
S_810_846,0.08302297946417216
S_810_849,0.2295114522194081
S_810_850,0.5392397278934077
S_810_853,0.5119339987433997
S_811_825,0.10351448036660936
S_811_829,0.15275000807022604
S_811_830,0.0583269167949393
S_811_836,0.8276540194407928
S_811_842,0.9570878383991314
S_811_845,0.3016191826048223
S_811_846,0.022452459394487267
S_811_849,0.08352480740268045
S_811_850,0.15371163060354412
S_811_853,0.20605978714441395
S_825_829,0.45123982100960824
S_825_830,0.2475521328562029
S_825_836,0.9708492116270484
S_825_842,0.9940751437356476
S_825_845,0.7346122524506852
S_825_846,0.10160106364298406
S_825_849,0.30506198326507267
S_825_850,0.5792403291008801
S_825_853,0.6182249573261923
S_829_830,0.2091519405191817
S_829_836,0.9740403372179128
S_829_842,0.9946118402827338
S_829_845,0.7508242485361759
S_829_846,0.08920139705427499
S_829_849,0.250810423828386
S_829_850,0.5968208258859822
S_829_853,0.5873409755671
S_830_836,0.9835105329915348
S_830_842,0.9968403186065757
S_830_845,0.8050058562452228
S_830_846,0.13276947203337108
S_830_849,0.39901221698103906
S_830_850,0.7458139069224501
S_830_853,0.6871961955282393
S_836_842,0.753807002358714
S_836_845,0.05031463586295014
S_836_846,0.002972822797765542
S_836_849,0.014322155707124678
S_836_850,0.02504412360734797
S_836_853,0.036142301602862414
S_842_845,0.011030706537801522
S_842_846,0.0006659229930205652
S_842_849,0.003257029593450978
S_842_850,0.006275709394024643
S_842_853,0.007685061824582024
S_845_846,0.03821034350251478
S_845_849,0.14071049012955797
S_845_850,0.21802804870832096
S_845_853,0.3118660253605833
S_846_849,0.7209399207897089
S_846_850,0.8968517994463473
S_846_853,0.9019440903542336
S_849_850,0.7805121043582657
S_849_853,0.7228122194455234
S_850_853,0.4099840987945899
